elapsed time,timestamp,topic,value
6.496,1746018905.296000000,/flightmare_control/control_delay_ms.data,14.101266860961914
6.496,1746018905.296000000,/flightmare_control/control_delay_ms.data,6.942272186279297
6.496,1746018905.296000000,/flightmare_control/control_delay_ms.data,5.952358245849609
6.496,1746018905.296000000,/flightmare_control/control_delay_ms.data,3.9091110229492188
6.516,1746018905.316000000,/flightmare_control/control_delay_ms.data,7.393836975097656
6.516,1746018905.316000000,/flightmare_control/control_delay_ms.data,7.582664489746094
6.518,1746018905.318000000,/flightmare_control/control_delay_ms.data,5.578756332397461
6.537,1746018905.337000000,/flightmare_control/control_delay_ms.data,11.967182159423828
6.542,1746018905.342000000,/flightmare_control/control_delay_ms.data,5.799055099487305
6.549,1746018905.349000000,/flightmare_control/control_delay_ms.data,12.571096420288086
6.573,1746018905.373000000,/flightmare_control/control_delay_ms.data,6.209611892700195
6.573,1746018905.373000000,/flightmare_control/control_delay_ms.data,3.7279129028320312
6.573,1746018905.373000000,/flightmare_control/control_delay_ms.data,5.137205123901367
6.588,1746018905.388000000,/flightmare_control/control_delay_ms.data,6.971597671508789
6.595,1746018905.395000000,/flightmare_control/control_delay_ms.data,7.241487503051758
6.647,1746018905.447000000,/flightmare_control/control_delay_ms.data,30.964136123657227
6.683,1746018905.483000000,/flightmare_control/control_delay_ms.data,9.377479553222656
6.683,1746018905.483000000,/flightmare_control/control_delay_ms.data,15.197038650512695
6.683,1746018905.483000000,/flightmare_control/control_delay_ms.data,7.671833038330078
6.695,1746018905.495000000,/flightmare_control/control_delay_ms.data,11.510848999023438
6.696,1746018905.496000000,/flightmare_control/control_delay_ms.data,21.471261978149414
6.736,1746018905.536000000,/flightmare_control/control_delay_ms.data,17.575502395629883
6.753,1746018905.553000000,/flightmare_control/control_delay_ms.data,17.904996871948242
6.753,1746018905.553000000,/flightmare_control/control_delay_ms.data,25.48527717590332
6.763,1746018905.563000000,/flightmare_control/control_delay_ms.data,8.615493774414062
6.7780000000000005,1746018905.578000000,/flightmare_control/control_delay_ms.data,14.948368072509766
6.785,1746018905.585000000,/flightmare_control/control_delay_ms.data,9.676218032836914
6.797,1746018905.597000000,/flightmare_control/control_delay_ms.data,13.56053352355957
6.816,1746018905.616000000,/flightmare_control/control_delay_ms.data,15.208005905151367
6.836,1746018905.636000000,/flightmare_control/control_delay_ms.data,9.192705154418945
6.85,1746018905.650000000,/flightmare_control/control_delay_ms.data,9.895801544189453
6.85,1746018905.650000000,/flightmare_control/control_delay_ms.data,10.185480117797852
6.865,1746018905.665000000,/flightmare_control/control_delay_ms.data,18.022775650024414
6.884,1746018905.684000000,/flightmare_control/control_delay_ms.data,11.729001998901367
6.901,1746018905.701000000,/flightmare_control/control_delay_ms.data,13.057708740234375
6.915,1746018905.715000000,/flightmare_control/control_delay_ms.data,19.398212432861328
6.929,1746018905.729000000,/flightmare_control/control_delay_ms.data,15.064001083374023
6.968,1746018905.768000000,/flightmare_control/control_delay_ms.data,14.863014221191406
6.988,1746018905.788000000,/flightmare_control/control_delay_ms.data,23.250341415405273
6.988,1746018905.788000000,/flightmare_control/control_delay_ms.data,28.777360916137695
6.9990000000000006,1746018905.799000000,/flightmare_control/control_delay_ms.data,16.361713409423828
7.026,1746018905.826000000,/flightmare_control/control_delay_ms.data,18.37444305419922
7.039,1746018905.839000000,/flightmare_control/control_delay_ms.data,8.113622665405273
7.05,1746018905.850000000,/flightmare_control/control_delay_ms.data,20.882844924926758
7.052,1746018905.852000000,/flightmare_control/control_delay_ms.data,17.023086547851562
7.08,1746018905.880000000,/flightmare_control/control_delay_ms.data,19.849061965942383
7.104,1746018905.904000000,/flightmare_control/control_delay_ms.data,21.802425384521484
7.122,1746018905.922000000,/flightmare_control/control_delay_ms.data,17.724037170410156
7.15,1746018905.950000000,/flightmare_control/control_delay_ms.data,16.45946502685547
7.171,1746018905.971000000,/flightmare_control/control_delay_ms.data,26.99589729309082
7.183,1746018905.983000000,/flightmare_control/control_delay_ms.data,12.048959732055664
7.221,1746018906.021000000,/flightmare_control/control_delay_ms.data,32.6390266418457
7.23,1746018906.030000000,/flightmare_control/control_delay_ms.data,11.865854263305664
7.255,1746018906.055000000,/flightmare_control/control_delay_ms.data,15.691041946411133
7.255,1746018906.055000000,/flightmare_control/control_delay_ms.data,15.563488006591797
7.296,1746018906.096000000,/flightmare_control/control_delay_ms.data,29.72865104675293
7.308,1746018906.108000000,/flightmare_control/control_delay_ms.data,17.79961585998535
7.319,1746018906.119000000,/flightmare_control/control_delay_ms.data,12.127161026000977
7.334,1746018906.134000000,/flightmare_control/control_delay_ms.data,16.648530960083008
7.359,1746018906.159000000,/flightmare_control/control_delay_ms.data,31.02898597717285
7.396,1746018906.196000000,/flightmare_control/control_delay_ms.data,7.322788238525391
7.415,1746018906.215000000,/flightmare_control/control_delay_ms.data,21.750688552856445
7.446,1746018906.246000000,/flightmare_control/control_delay_ms.data,21.024703979492188
7.446,1746018906.246000000,/flightmare_control/control_delay_ms.data,15.795707702636719
7.476,1746018906.276000000,/flightmare_control/control_delay_ms.data,8.372068405151367
7.49,1746018906.290000000,/flightmare_control/control_delay_ms.data,29.571533203125
7.516,1746018906.316000000,/flightmare_control/control_delay_ms.data,50.737619400024414
7.536,1746018906.336000000,/flightmare_control/control_delay_ms.data,15.203714370727539
7.567,1746018906.367000000,/flightmare_control/control_delay_ms.data,19.94013786315918
7.591,1746018906.391000000,/flightmare_control/control_delay_ms.data,15.169382095336914
7.607,1746018906.407000000,/flightmare_control/control_delay_ms.data,9.974956512451172
7.607,1746018906.407000000,/flightmare_control/control_delay_ms.data,13.355255126953125
7.622,1746018906.422000000,/flightmare_control/control_delay_ms.data,10.556697845458984
7.622,1746018906.422000000,/flightmare_control/control_delay_ms.data,16.405582427978516
7.641,1746018906.441000000,/flightmare_control/control_delay_ms.data,10.549783706665039
7.6530000000000005,1746018906.453000000,/flightmare_control/control_delay_ms.data,22.49431610107422
7.712,1746018906.512000000,/flightmare_control/control_delay_ms.data,17.11440086364746
7.712,1746018906.512000000,/flightmare_control/control_delay_ms.data,12.102127075195312
7.712,1746018906.512000000,/flightmare_control/control_delay_ms.data,14.998197555541992
7.734,1746018906.534000000,/flightmare_control/control_delay_ms.data,15.934944152832031
7.734,1746018906.534000000,/flightmare_control/control_delay_ms.data,11.491537094116211
7.751,1746018906.551000000,/flightmare_control/control_delay_ms.data,22.26424217224121
7.767,1746018906.567000000,/flightmare_control/control_delay_ms.data,12.371063232421875
7.789,1746018906.589000000,/flightmare_control/control_delay_ms.data,7.088661193847656
7.814,1746018906.614000000,/flightmare_control/control_delay_ms.data,27.024030685424805
7.828,1746018906.628000000,/flightmare_control/control_delay_ms.data,19.231319427490234
7.828,1746018906.628000000,/flightmare_control/control_delay_ms.data,9.194374084472656
7.849,1746018906.649000000,/flightmare_control/control_delay_ms.data,12.024402618408203
7.888,1746018906.688000000,/flightmare_control/control_delay_ms.data,42.58298873901367
7.905,1746018906.705000000,/flightmare_control/control_delay_ms.data,15.351295471191406
7.9190000000000005,1746018906.719000000,/flightmare_control/control_delay_ms.data,9.539604187011719
7.9190000000000005,1746018906.719000000,/flightmare_control/control_delay_ms.data,15.950441360473633
7.946,1746018906.746000000,/flightmare_control/control_delay_ms.data,16.741514205932617
7.96,1746018906.760000000,/flightmare_control/control_delay_ms.data,18.47100257873535
7.971,1746018906.771000000,/flightmare_control/control_delay_ms.data,11.678934097290039
7.987,1746018906.787000000,/flightmare_control/control_delay_ms.data,22.20296859741211
8.014,1746018906.814000000,/flightmare_control/control_delay_ms.data,29.1445255279541
8.037,1746018906.837000000,/flightmare_control/control_delay_ms.data,12.21776008605957
8.049,1746018906.849000000,/flightmare_control/control_delay_ms.data,11.545419692993164
8.049,1746018906.849000000,/flightmare_control/control_delay_ms.data,15.941143035888672
8.074,1746018906.874000000,/flightmare_control/control_delay_ms.data,13.07988166809082
8.088,1746018906.888000000,/flightmare_control/control_delay_ms.data,12.089014053344727
8.103,1746018906.903000000,/flightmare_control/control_delay_ms.data,17.152786254882812
8.116,1746018906.916000000,/flightmare_control/control_delay_ms.data,16.275882720947266
8.154,1746018906.954000000,/flightmare_control/control_delay_ms.data,15.626668930053711
8.16,1746018906.960000000,/flightmare_control/control_delay_ms.data,32.22990036010742
8.184,1746018906.984000000,/flightmare_control/control_delay_ms.data,13.342618942260742
8.203,1746018907.003000000,/flightmare_control/control_delay_ms.data,15.380620956420898
8.215,1746018907.015000000,/flightmare_control/control_delay_ms.data,18.265962600708008
8.231,1746018907.031000000,/flightmare_control/control_delay_ms.data,14.50490951538086
8.258,1746018907.058000000,/flightmare_control/control_delay_ms.data,29.33049201965332
8.274000000000001,1746018907.074000000,/flightmare_control/control_delay_ms.data,20.500898361206055
8.299,1746018907.099000000,/flightmare_control/control_delay_ms.data,18.834590911865234
8.317,1746018907.117000000,/flightmare_control/control_delay_ms.data,21.949052810668945
8.325,1746018907.125000000,/flightmare_control/control_delay_ms.data,13.015031814575195
8.361,1746018907.161000000,/flightmare_control/control_delay_ms.data,13.625383377075195
8.362,1746018907.162000000,/flightmare_control/control_delay_ms.data,13.610363006591797
8.387,1746018907.187000000,/flightmare_control/control_delay_ms.data,25.873661041259766
8.404,1746018907.204000000,/flightmare_control/control_delay_ms.data,24.050474166870117
8.413,1746018907.213000000,/flightmare_control/control_delay_ms.data,11.467933654785156
8.424,1746018907.224000000,/flightmare_control/control_delay_ms.data,9.98544692993164
8.458,1746018907.258000000,/flightmare_control/control_delay_ms.data,26.994943618774414
8.477,1746018907.277000000,/flightmare_control/control_delay_ms.data,25.53248405456543
8.506,1746018907.306000000,/flightmare_control/control_delay_ms.data,22.189617156982422
8.506,1746018907.306000000,/flightmare_control/control_delay_ms.data,8.884906768798828
8.514,1746018907.314000000,/flightmare_control/control_delay_ms.data,10.999441146850586
8.531,1746018907.331000000,/flightmare_control/control_delay_ms.data,10.129451751708984
8.551,1746018907.351000000,/flightmare_control/control_delay_ms.data,21.66581153869629
8.585,1746018907.385000000,/flightmare_control/control_delay_ms.data,19.1190242767334
8.595,1746018907.395000000,/flightmare_control/control_delay_ms.data,18.5697078704834
8.596,1746018907.396000000,/flightmare_control/control_delay_ms.data,15.340089797973633
8.628,1746018907.428000000,/flightmare_control/control_delay_ms.data,20.149707794189453
8.642,1746018907.442000000,/flightmare_control/control_delay_ms.data,10.576486587524414
8.655,1746018907.455000000,/flightmare_control/control_delay_ms.data,15.480279922485352
8.691,1746018907.491000000,/flightmare_control/control_delay_ms.data,22.104740142822266
8.695,1746018907.495000000,/flightmare_control/control_delay_ms.data,30.519723892211914
8.7,1746018907.500000000,/flightmare_control/control_delay_ms.data,11.68966293334961
8.759,1746018907.559000000,/flightmare_control/control_delay_ms.data,9.620904922485352
8.759,1746018907.559000000,/flightmare_control/control_delay_ms.data,21.330595016479492
8.772,1746018907.572000000,/flightmare_control/control_delay_ms.data,9.174108505249023
8.772,1746018907.572000000,/flightmare_control/control_delay_ms.data,9.61160659790039
8.783,1746018907.583000000,/flightmare_control/control_delay_ms.data,18.17011833190918
8.811,1746018907.611000000,/flightmare_control/control_delay_ms.data,17.276525497436523
8.824,1746018907.624000000,/flightmare_control/control_delay_ms.data,12.582778930664062
8.824,1746018907.624000000,/flightmare_control/control_delay_ms.data,12.275457382202148
8.861,1746018907.661000000,/flightmare_control/control_delay_ms.data,22.172927856445312
8.886,1746018907.686000000,/flightmare_control/control_delay_ms.data,31.583070755004883
8.901,1746018907.701000000,/flightmare_control/control_delay_ms.data,20.412683486938477
8.912,1746018907.712000000,/flightmare_control/control_delay_ms.data,14.516830444335938
8.923,1746018907.723000000,/flightmare_control/control_delay_ms.data,10.791301727294922
8.937,1746018907.737000000,/flightmare_control/control_delay_ms.data,15.140295028686523
8.964,1746018907.764000000,/flightmare_control/control_delay_ms.data,11.060953140258789
8.964,1746018907.764000000,/flightmare_control/control_delay_ms.data,10.951757431030273
8.99,1746018907.790000000,/flightmare_control/control_delay_ms.data,21.481037139892578
8.99,1746018907.790000000,/flightmare_control/control_delay_ms.data,9.500980377197266
9.004,1746018907.804000000,/flightmare_control/control_delay_ms.data,9.105443954467773
9.02,1746018907.820000000,/flightmare_control/control_delay_ms.data,15.47098159790039
9.04,1746018907.840000000,/flightmare_control/control_delay_ms.data,11.095285415649414
9.068,1746018907.868000000,/flightmare_control/control_delay_ms.data,18.911123275756836
9.092,1746018907.892000000,/flightmare_control/control_delay_ms.data,23.73480796813965
9.099,1746018907.899000000,/flightmare_control/control_delay_ms.data,15.690088272094727
9.11,1746018907.910000000,/flightmare_control/control_delay_ms.data,11.68203353881836
9.122,1746018907.922000000,/flightmare_control/control_delay_ms.data,8.346319198608398
9.136,1746018907.936000000,/flightmare_control/control_delay_ms.data,14.958381652832031
9.145,1746018907.945000000,/flightmare_control/control_delay_ms.data,14.403581619262695
9.145,1746018907.945000000,/flightmare_control/control_delay_ms.data,15.496015548706055
9.163,1746018907.963000000,/flightmare_control/control_delay_ms.data,10.929584503173828
9.175,1746018907.975000000,/flightmare_control/control_delay_ms.data,10.254621505737305
9.198,1746018907.998000000,/flightmare_control/control_delay_ms.data,9.450197219848633
9.238,1746018908.038000000,/flightmare_control/control_delay_ms.data,25.301694869995117
9.238,1746018908.038000000,/flightmare_control/control_delay_ms.data,29.367923736572266
9.256,1746018908.056000000,/flightmare_control/control_delay_ms.data,11.66391372680664
9.27,1746018908.070000000,/flightmare_control/control_delay_ms.data,10.770082473754883
9.281,1746018908.081000000,/flightmare_control/control_delay_ms.data,22.986412048339844
9.291,1746018908.091000000,/flightmare_control/control_delay_ms.data,12.667179107666016
9.316,1746018908.116000000,/flightmare_control/control_delay_ms.data,7.322549819946289
9.326,1746018908.126000000,/flightmare_control/control_delay_ms.data,22.385835647583008
9.364,1746018908.164000000,/flightmare_control/control_delay_ms.data,13.933181762695312
9.365,1746018908.165000000,/flightmare_control/control_delay_ms.data,32.48286247253418
9.39,1746018908.190000000,/flightmare_control/control_delay_ms.data,13.059377670288086
9.4,1746018908.200000000,/flightmare_control/control_delay_ms.data,15.78831672668457
9.427,1746018908.227000000,/flightmare_control/control_delay_ms.data,16.513824462890625
9.438,1746018908.238000000,/flightmare_control/control_delay_ms.data,16.102313995361328
9.448,1746018908.248000000,/flightmare_control/control_delay_ms.data,12.68315315246582
9.448,1746018908.248000000,/flightmare_control/control_delay_ms.data,11.097431182861328
9.476,1746018908.276000000,/flightmare_control/control_delay_ms.data,14.263629913330078
9.496,1746018908.296000000,/flightmare_control/control_delay_ms.data,11.453628540039062
9.508,1746018908.308000000,/flightmare_control/control_delay_ms.data,11.480331420898438
9.521,1746018908.321000000,/flightmare_control/control_delay_ms.data,21.254539489746094
9.521,1746018908.321000000,/flightmare_control/control_delay_ms.data,8.887529373168945
9.558,1746018908.358000000,/flightmare_control/control_delay_ms.data,23.41771125793457
9.559,1746018908.359000000,/flightmare_control/control_delay_ms.data,19.867897033691406
9.599,1746018908.399000000,/flightmare_control/control_delay_ms.data,28.973102569580078
9.636,1746018908.436000000,/flightmare_control/control_delay_ms.data,26.26776695251465
9.65,1746018908.450000000,/flightmare_control/control_delay_ms.data,14.634847640991211
9.65,1746018908.450000000,/flightmare_control/control_delay_ms.data,13.135671615600586
9.695,1746018908.495000000,/flightmare_control/control_delay_ms.data,37.465810775756836
9.71,1746018908.510000000,/flightmare_control/control_delay_ms.data,15.601158142089844
9.757,1746018908.557000000,/flightmare_control/control_delay_ms.data,35.41135787963867
9.766,1746018908.566000000,/flightmare_control/control_delay_ms.data,19.043445587158203
9.782,1746018908.582000000,/flightmare_control/control_delay_ms.data,13.600349426269531
9.801,1746018908.601000000,/flightmare_control/control_delay_ms.data,12.797832489013672
9.811,1746018908.611000000,/flightmare_control/control_delay_ms.data,20.97344398498535
9.822,1746018908.622000000,/flightmare_control/control_delay_ms.data,17.36927032470703
9.84,1746018908.640000000,/flightmare_control/control_delay_ms.data,18.01300048828125
9.899000000000001,1746018908.699000000,/flightmare_control/control_delay_ms.data,23.1626033782959
9.899000000000001,1746018908.699000000,/flightmare_control/control_delay_ms.data,11.302709579467773
9.899000000000001,1746018908.699000000,/flightmare_control/control_delay_ms.data,11.24715805053711
9.937,1746018908.737000000,/flightmare_control/control_delay_ms.data,18.164634704589844
9.937,1746018908.737000000,/flightmare_control/control_delay_ms.data,13.165950775146484
9.966,1746018908.766000000,/flightmare_control/control_delay_ms.data,18.621206283569336
9.966,1746018908.766000000,/flightmare_control/control_delay_ms.data,12.105226516723633
9.978,1746018908.778000000,/flightmare_control/control_delay_ms.data,23.049116134643555
9.99,1746018908.790000000,/flightmare_control/control_delay_ms.data,13.135194778442383
10.022,1746018908.822000000,/flightmare_control/control_delay_ms.data,26.760101318359375
10.036,1746018908.836000000,/flightmare_control/control_delay_ms.data,12.877702713012695
10.037,1746018908.837000000,/flightmare_control/control_delay_ms.data,9.53531265258789
10.083,1746018908.883000000,/flightmare_control/control_delay_ms.data,20.79606056213379
10.083,1746018908.883000000,/flightmare_control/control_delay_ms.data,10.758399963378906
10.106,1746018908.906000000,/flightmare_control/control_delay_ms.data,21.029233932495117
10.113,1746018908.913000000,/flightmare_control/control_delay_ms.data,9.074687957763672
10.126,1746018908.926000000,/flightmare_control/control_delay_ms.data,20.31111717224121
10.145,1746018908.945000000,/flightmare_control/control_delay_ms.data,28.97334098815918
10.196,1746018908.996000000,/flightmare_control/control_delay_ms.data,24.348020553588867
10.196,1746018908.996000000,/flightmare_control/control_delay_ms.data,14.19377326965332
10.208,1746018909.008000000,/flightmare_control/control_delay_ms.data,13.032197952270508
10.232,1746018909.032000000,/flightmare_control/control_delay_ms.data,33.27798843383789
10.232,1746018909.032000000,/flightmare_control/control_delay_ms.data,7.20977783203125
10.265,1746018909.065000000,/flightmare_control/control_delay_ms.data,13.322830200195312
10.278,1746018909.078000000,/flightmare_control/control_delay_ms.data,12.040853500366211
10.278,1746018909.078000000,/flightmare_control/control_delay_ms.data,17.038822174072266
10.289,1746018909.089000000,/flightmare_control/control_delay_ms.data,14.677286148071289
10.318,1746018909.118000000,/flightmare_control/control_delay_ms.data,13.010263442993164
10.33,1746018909.130000000,/flightmare_control/control_delay_ms.data,18.021106719970703
10.342,1746018909.142000000,/flightmare_control/control_delay_ms.data,17.752885818481445
10.351,1746018909.151000000,/flightmare_control/control_delay_ms.data,10.93602180480957
10.389,1746018909.189000000,/flightmare_control/control_delay_ms.data,27.64439582824707
10.419,1746018909.219000000,/flightmare_control/control_delay_ms.data,28.505802154541016
10.442,1746018909.242000000,/flightmare_control/control_delay_ms.data,25.977611541748047
10.464,1746018909.264000000,/flightmare_control/control_delay_ms.data,21.716833114624023
10.483,1746018909.283000000,/flightmare_control/control_delay_ms.data,14.730215072631836
10.494,1746018909.294000000,/flightmare_control/control_delay_ms.data,9.028434753417969
10.518,1746018909.318000000,/flightmare_control/control_delay_ms.data,19.164323806762695
10.531,1746018909.331000000,/flightmare_control/control_delay_ms.data,18.37301254272461
10.544,1746018909.344000000,/flightmare_control/control_delay_ms.data,15.297889709472656
10.544,1746018909.344000000,/flightmare_control/control_delay_ms.data,13.416767120361328
10.558,1746018909.358000000,/flightmare_control/control_delay_ms.data,14.478445053100586
10.596,1746018909.396000000,/flightmare_control/control_delay_ms.data,30.96461296081543
10.612,1746018909.412000000,/flightmare_control/control_delay_ms.data,10.682344436645508
10.632,1746018909.432000000,/flightmare_control/control_delay_ms.data,21.60477638244629
10.642,1746018909.442000000,/flightmare_control/control_delay_ms.data,9.315252304077148
10.643,1746018909.443000000,/flightmare_control/control_delay_ms.data,13.685226440429688
10.672,1746018909.472000000,/flightmare_control/control_delay_ms.data,20.094871520996094
10.692,1746018909.492000000,/flightmare_control/control_delay_ms.data,17.060518264770508
10.693,1746018909.493000000,/flightmare_control/control_delay_ms.data,11.60740852355957
10.712,1746018909.512000000,/flightmare_control/control_delay_ms.data,14.994382858276367
10.715,1746018909.515000000,/flightmare_control/control_delay_ms.data,20.09296417236328
10.754,1746018909.554000000,/flightmare_control/control_delay_ms.data,20.504236221313477
10.778,1746018909.578000000,/flightmare_control/control_delay_ms.data,20.893573760986328
10.786,1746018909.586000000,/flightmare_control/control_delay_ms.data,15.394926071166992
10.808,1746018909.608000000,/flightmare_control/control_delay_ms.data,29.52718734741211
10.817,1746018909.617000000,/flightmare_control/control_delay_ms.data,14.398574829101562
10.852,1746018909.652000000,/flightmare_control/control_delay_ms.data,10.157585144042969
10.870000000000001,1746018909.670000000,/flightmare_control/control_delay_ms.data,12.269020080566406
10.88,1746018909.680000000,/flightmare_control/control_delay_ms.data,23.495197296142578
10.891,1746018909.691000000,/flightmare_control/control_delay_ms.data,20.7822322845459
10.919,1746018909.719000000,/flightmare_control/control_delay_ms.data,14.373064041137695
10.929,1746018909.729000000,/flightmare_control/control_delay_ms.data,9.824037551879883
10.939,1746018909.739000000,/flightmare_control/control_delay_ms.data,9.862661361694336
10.979,1746018909.779000000,/flightmare_control/control_delay_ms.data,21.92378044128418
11.024,1746018909.824000000,/flightmare_control/control_delay_ms.data,30.98440170288086
11.039,1746018909.839000000,/flightmare_control/control_delay_ms.data,32.17744827270508
11.039,1746018909.839000000,/flightmare_control/control_delay_ms.data,16.451120376586914
11.075,1746018909.875000000,/flightmare_control/control_delay_ms.data,20.01500129699707
11.075,1746018909.875000000,/flightmare_control/control_delay_ms.data,10.527849197387695
11.103,1746018909.903000000,/flightmare_control/control_delay_ms.data,24.87635612487793
11.113,1746018909.913000000,/flightmare_control/control_delay_ms.data,15.227317810058594
11.116,1746018909.916000000,/flightmare_control/control_delay_ms.data,14.211416244506836
11.143,1746018909.943000000,/flightmare_control/control_delay_ms.data,14.53852653503418
11.15,1746018909.950000000,/flightmare_control/control_delay_ms.data,23.56576919555664
11.162,1746018909.962000000,/flightmare_control/control_delay_ms.data,9.723663330078125
11.192,1746018909.992000000,/flightmare_control/control_delay_ms.data,18.912076950073242
11.203,1746018910.003000000,/flightmare_control/control_delay_ms.data,15.236616134643555
11.203,1746018910.003000000,/flightmare_control/control_delay_ms.data,10.29348373413086
11.238,1746018910.038000000,/flightmare_control/control_delay_ms.data,22.912979125976562
11.262,1746018910.062000000,/flightmare_control/control_delay_ms.data,14.973878860473633
11.263,1746018910.063000000,/flightmare_control/control_delay_ms.data,18.38064193725586
11.28,1746018910.080000000,/flightmare_control/control_delay_ms.data,15.413284301757812
11.315,1746018910.115000000,/flightmare_control/control_delay_ms.data,19.374608993530273
11.342,1746018910.142000000,/flightmare_control/control_delay_ms.data,12.739419937133789
11.357,1746018910.157000000,/flightmare_control/control_delay_ms.data,24.35159683227539
11.387,1746018910.187000000,/flightmare_control/control_delay_ms.data,19.647836685180664
11.407,1746018910.207000000,/flightmare_control/control_delay_ms.data,28.578758239746094
11.433,1746018910.233000000,/flightmare_control/control_delay_ms.data,20.075321197509766
11.476,1746018910.276000000,/flightmare_control/control_delay_ms.data,59.607505798339844
11.494,1746018910.294000000,/flightmare_control/control_delay_ms.data,17.090797424316406
11.538,1746018910.338000000,/flightmare_control/control_delay_ms.data,24.59263801574707
11.562,1746018910.362000000,/flightmare_control/control_delay_ms.data,35.10022163391113
11.58,1746018910.380000000,/flightmare_control/control_delay_ms.data,15.32125473022461
11.596,1746018910.396000000,/flightmare_control/control_delay_ms.data,21.570682525634766
11.596,1746018910.396000000,/flightmare_control/control_delay_ms.data,18.018484115600586
11.626,1746018910.426000000,/flightmare_control/control_delay_ms.data,23.940086364746094
11.663,1746018910.463000000,/flightmare_control/control_delay_ms.data,21.1026668548584
11.716,1746018910.516000000,/flightmare_control/control_delay_ms.data,36.87000274658203
11.725,1746018910.525000000,/flightmare_control/control_delay_ms.data,27.021169662475586
11.775,1746018910.575000000,/flightmare_control/control_delay_ms.data,39.77203369140625
11.828,1746018910.628000000,/flightmare_control/control_delay_ms.data,91.19486808776855
11.9,1746018910.700000000,/flightmare_control/control_delay_ms.data,19.51456069946289
11.918,1746018910.718000000,/flightmare_control/control_delay_ms.data,30.383586883544922
11.943,1746018910.743000000,/flightmare_control/control_delay_ms.data,24.952173233032227
11.964,1746018910.764000000,/flightmare_control/control_delay_ms.data,20.116806030273438
11.964,1746018910.764000000,/flightmare_control/control_delay_ms.data,14.591455459594727
11.979,1746018910.779000000,/flightmare_control/control_delay_ms.data,17.53854751586914
11.99,1746018910.790000000,/flightmare_control/control_delay_ms.data,12.043952941894531
12.033,1746018910.833000000,/flightmare_control/control_delay_ms.data,17.61031150817871
12.033,1746018910.833000000,/flightmare_control/control_delay_ms.data,26.179790496826172
12.067,1746018910.867000000,/flightmare_control/control_delay_ms.data,17.870664596557617
12.095,1746018910.895000000,/flightmare_control/control_delay_ms.data,28.534889221191406
12.122,1746018910.922000000,/flightmare_control/control_delay_ms.data,18.118858337402344
12.139,1746018910.939000000,/flightmare_control/control_delay_ms.data,22.090673446655273
12.14,1746018910.940000000,/flightmare_control/control_delay_ms.data,22.044897079467773
12.169,1746018910.969000000,/flightmare_control/control_delay_ms.data,36.10420227050781
12.186,1746018910.986000000,/flightmare_control/control_delay_ms.data,16.045093536376953
12.254,1746018911.054000000,/flightmare_control/control_delay_ms.data,58.179616928100586
12.266,1746018911.066000000,/flightmare_control/control_delay_ms.data,18.969297409057617
12.283,1746018911.083000000,/flightmare_control/control_delay_ms.data,14.23501968383789
12.3,1746018911.100000000,/flightmare_control/control_delay_ms.data,20.561695098876953
12.331,1746018911.131000000,/flightmare_control/control_delay_ms.data,17.5478458404541
12.363,1746018911.163000000,/flightmare_control/control_delay_ms.data,36.78178787231445
12.381,1746018911.181000000,/flightmare_control/control_delay_ms.data,13.533353805541992
12.394,1746018911.194000000,/flightmare_control/control_delay_ms.data,24.289846420288086
12.435,1746018911.235000000,/flightmare_control/control_delay_ms.data,42.64688491821289
12.499,1746018911.299000000,/flightmare_control/control_delay_ms.data,37.80198097229004
12.55,1746018911.350000000,/flightmare_control/control_delay_ms.data,47.20783233642578
12.568,1746018911.368000000,/flightmare_control/control_delay_ms.data,25.31290054321289
12.585,1746018911.385000000,/flightmare_control/control_delay_ms.data,32.889366149902344
12.646,1746018911.446000000,/flightmare_control/control_delay_ms.data,56.72621726989746
12.67,1746018911.470000000,/flightmare_control/control_delay_ms.data,21.075010299682617
12.687,1746018911.487000000,/flightmare_control/control_delay_ms.data,24.811267852783203
12.708,1746018911.508000000,/flightmare_control/control_delay_ms.data,17.305374145507812
12.727,1746018911.527000000,/flightmare_control/control_delay_ms.data,15.000343322753906
12.756,1746018911.556000000,/flightmare_control/control_delay_ms.data,13.670682907104492
12.772,1746018911.572000000,/flightmare_control/control_delay_ms.data,24.199962615966797
12.772,1746018911.572000000,/flightmare_control/control_delay_ms.data,22.278547286987305
12.804,1746018911.604000000,/flightmare_control/control_delay_ms.data,20.135164260864258
12.84,1746018911.640000000,/flightmare_control/control_delay_ms.data,19.86551284790039
12.84,1746018911.640000000,/flightmare_control/control_delay_ms.data,29.790639877319336
12.891,1746018911.691000000,/flightmare_control/control_delay_ms.data,42.20771789550781
12.921,1746018911.721000000,/flightmare_control/control_delay_ms.data,22.48382568359375
12.936,1746018911.736000000,/flightmare_control/control_delay_ms.data,19.472122192382812
12.975,1746018911.775000000,/flightmare_control/control_delay_ms.data,22.03059196472168
12.975,1746018911.775000000,/flightmare_control/control_delay_ms.data,23.40078353881836
13.011,1746018911.811000000,/flightmare_control/control_delay_ms.data,23.30470085144043
13.027,1746018911.827000000,/flightmare_control/control_delay_ms.data,24.72686767578125
13.028,1746018911.828000000,/flightmare_control/control_delay_ms.data,13.895273208618164
13.066,1746018911.866000000,/flightmare_control/control_delay_ms.data,24.804115295410156
13.138,1746018911.938000000,/flightmare_control/control_delay_ms.data,48.65527153015137
13.156,1746018911.956000000,/flightmare_control/control_delay_ms.data,30.277729034423828
13.19,1746018911.990000000,/flightmare_control/control_delay_ms.data,23.102521896362305
13.253,1746018912.053000000,/flightmare_control/control_delay_ms.data,17.33231544494629
13.253,1746018912.053000000,/flightmare_control/control_delay_ms.data,24.91164207458496
13.284,1746018912.084000000,/flightmare_control/control_delay_ms.data,38.941383361816406
13.284,1746018912.084000000,/flightmare_control/control_delay_ms.data,22.8421688079834
13.303,1746018912.103000000,/flightmare_control/control_delay_ms.data,18.881797790527344
13.335,1746018912.135000000,/flightmare_control/control_delay_ms.data,36.78750991821289
13.363,1746018912.163000000,/flightmare_control/control_delay_ms.data,19.094467163085938
13.39,1746018912.190000000,/flightmare_control/control_delay_ms.data,17.891407012939453
13.39,1746018912.190000000,/flightmare_control/control_delay_ms.data,16.985177993774414
13.427,1746018912.227000000,/flightmare_control/control_delay_ms.data,22.256851196289062
13.448,1746018912.248000000,/flightmare_control/control_delay_ms.data,34.44314002990723
13.526,1746018912.326000000,/flightmare_control/control_delay_ms.data,29.221296310424805
13.526,1746018912.326000000,/flightmare_control/control_delay_ms.data,25.115489959716797
13.526,1746018912.326000000,/flightmare_control/control_delay_ms.data,13.708829879760742
13.549,1746018912.349000000,/flightmare_control/control_delay_ms.data,30.95531463623047
13.574,1746018912.374000000,/flightmare_control/control_delay_ms.data,18.73159408569336
13.606,1746018912.406000000,/flightmare_control/control_delay_ms.data,28.429269790649414
13.642,1746018912.442000000,/flightmare_control/control_delay_ms.data,22.43804931640625
13.671,1746018912.471000000,/flightmare_control/control_delay_ms.data,25.083541870117188
13.698,1746018912.498000000,/flightmare_control/control_delay_ms.data,21.984338760375977
13.698,1746018912.498000000,/flightmare_control/control_delay_ms.data,32.06467628479004
13.748,1746018912.548000000,/flightmare_control/control_delay_ms.data,60.706377029418945
13.777,1746018912.577000000,/flightmare_control/control_delay_ms.data,18.033504486083984
13.795,1746018912.595000000,/flightmare_control/control_delay_ms.data,21.20518684387207
13.795,1746018912.595000000,/flightmare_control/control_delay_ms.data,10.846138000488281
13.829,1746018912.629000000,/flightmare_control/control_delay_ms.data,29.08802032470703
13.829,1746018912.629000000,/flightmare_control/control_delay_ms.data,18.203020095825195
13.866,1746018912.666000000,/flightmare_control/control_delay_ms.data,20.043134689331055
13.897,1746018912.697000000,/flightmare_control/control_delay_ms.data,27.810096740722656
13.939,1746018912.739000000,/flightmare_control/control_delay_ms.data,32.99212455749512
13.939,1746018912.739000000,/flightmare_control/control_delay_ms.data,17.737627029418945
13.94,1746018912.740000000,/flightmare_control/control_delay_ms.data,19.154787063598633
14.015,1746018912.815000000,/flightmare_control/control_delay_ms.data,38.01155090332031
14.033,1746018912.833000000,/flightmare_control/control_delay_ms.data,25.272369384765625
14.066,1746018912.866000000,/flightmare_control/control_delay_ms.data,48.21658134460449
14.136,1746018912.936000000,/flightmare_control/control_delay_ms.data,39.31927680969238
14.163,1746018912.963000000,/flightmare_control/control_delay_ms.data,27.637481689453125
14.179,1746018912.979000000,/flightmare_control/control_delay_ms.data,26.9930362701416
14.244,1746018913.044000000,/flightmare_control/control_delay_ms.data,76.89380645751953
14.285,1746018913.085000000,/flightmare_control/control_delay_ms.data,28.52940559387207
14.345,1746018913.145000000,/flightmare_control/control_delay_ms.data,35.23421287536621
14.346,1746018913.146000000,/flightmare_control/control_delay_ms.data,32.75918960571289
14.415,1746018913.215000000,/flightmare_control/control_delay_ms.data,71.05040550231934
14.43,1746018913.230000000,/flightmare_control/control_delay_ms.data,20.769834518432617
14.486,1746018913.286000000,/flightmare_control/control_delay_ms.data,16.622543334960938
14.486,1746018913.286000000,/flightmare_control/control_delay_ms.data,22.729873657226562
14.516,1746018913.316000000,/flightmare_control/control_delay_ms.data,33.11324119567871
14.546,1746018913.346000000,/flightmare_control/control_delay_ms.data,19.426584243774414
14.582,1746018913.382000000,/flightmare_control/control_delay_ms.data,22.71437644958496
14.582,1746018913.382000000,/flightmare_control/control_delay_ms.data,25.98881721496582
14.62,1746018913.420000000,/flightmare_control/control_delay_ms.data,43.495893478393555
14.669,1746018913.469000000,/flightmare_control/control_delay_ms.data,36.92269325256348
14.682,1746018913.482000000,/flightmare_control/control_delay_ms.data,16.700267791748047
14.682,1746018913.482000000,/flightmare_control/control_delay_ms.data,16.30258560180664
14.702,1746018913.502000000,/flightmare_control/control_delay_ms.data,11.544466018676758
14.718,1746018913.518000000,/flightmare_control/control_delay_ms.data,23.824691772460938
14.735,1746018913.535000000,/flightmare_control/control_delay_ms.data,18.45693588256836
14.752,1746018913.552000000,/flightmare_control/control_delay_ms.data,20.100116729736328
14.805,1746018913.605000000,/flightmare_control/control_delay_ms.data,20.700931549072266
14.83,1746018913.630000000,/flightmare_control/control_delay_ms.data,28.383731842041016
14.845,1746018913.645000000,/flightmare_control/control_delay_ms.data,25.525331497192383
14.868,1746018913.668000000,/flightmare_control/control_delay_ms.data,28.271198272705078
14.883,1746018913.683000000,/flightmare_control/control_delay_ms.data,19.135713577270508
14.883,1746018913.683000000,/flightmare_control/control_delay_ms.data,16.385316848754883
14.927,1746018913.727000000,/flightmare_control/control_delay_ms.data,19.22464370727539
14.964,1746018913.764000000,/flightmare_control/control_delay_ms.data,22.51601219177246
14.972,1746018913.772000000,/flightmare_control/control_delay_ms.data,44.65174674987793
15.008,1746018913.808000000,/flightmare_control/control_delay_ms.data,17.83299446105957
15.027,1746018913.827000000,/flightmare_control/control_delay_ms.data,18.208980560302734
15.039,1746018913.839000000,/flightmare_control/control_delay_ms.data,21.270036697387695
15.067,1746018913.867000000,/flightmare_control/control_delay_ms.data,18.83721351623535
15.08,1746018913.880000000,/flightmare_control/control_delay_ms.data,30.934572219848633
15.095,1746018913.895000000,/flightmare_control/control_delay_ms.data,15.872716903686523
15.134,1746018913.934000000,/flightmare_control/control_delay_ms.data,13.943195343017578
15.158,1746018913.958000000,/flightmare_control/control_delay_ms.data,28.89394760131836
15.188,1746018913.988000000,/flightmare_control/control_delay_ms.data,26.146888732910156
15.207,1746018914.007000000,/flightmare_control/control_delay_ms.data,21.80767059326172
15.221,1746018914.021000000,/flightmare_control/control_delay_ms.data,24.439334869384766
15.3,1746018914.100000000,/flightmare_control/control_delay_ms.data,66.12777709960938
15.316,1746018914.116000000,/flightmare_control/control_delay_ms.data,28.66387367248535
15.345,1746018914.145000000,/flightmare_control/control_delay_ms.data,22.785186767578125
15.362,1746018914.162000000,/flightmare_control/control_delay_ms.data,21.043777465820312
15.387,1746018914.187000000,/flightmare_control/control_delay_ms.data,23.51975440979004
15.401,1746018914.201000000,/flightmare_control/control_delay_ms.data,18.045663833618164
15.494,1746018914.294000000,/flightmare_control/control_delay_ms.data,69.79489326477051
15.518,1746018914.318000000,/flightmare_control/control_delay_ms.data,35.030364990234375
15.518,1746018914.318000000,/flightmare_control/control_delay_ms.data,16.070842742919922
15.61,1746018914.410000000,/flightmare_control/control_delay_ms.data,88.60540390014648
15.626,1746018914.426000000,/flightmare_control/control_delay_ms.data,21.18086814880371
15.698,1746018914.498000000,/flightmare_control/control_delay_ms.data,70.67418098449707
15.732,1746018914.532000000,/flightmare_control/control_delay_ms.data,20.287036895751953
15.75,1746018914.550000000,/flightmare_control/control_delay_ms.data,26.601791381835938
15.763,1746018914.563000000,/flightmare_control/control_delay_ms.data,19.00029182434082
15.797,1746018914.597000000,/flightmare_control/control_delay_ms.data,22.28403091430664
15.816,1746018914.616000000,/flightmare_control/control_delay_ms.data,25.77829360961914
15.874,1746018914.674000000,/flightmare_control/control_delay_ms.data,44.94166374206543
15.939,1746018914.739000000,/flightmare_control/control_delay_ms.data,56.79917335510254
15.952,1746018914.752000000,/flightmare_control/control_delay_ms.data,28.310537338256836
15.986,1746018914.786000000,/flightmare_control/control_delay_ms.data,33.45537185668945
16.009,1746018914.809000000,/flightmare_control/control_delay_ms.data,33.319950103759766
16.125,1746018914.925000000,/flightmare_control/control_delay_ms.data,96.63796424865723
16.145,1746018914.945000000,/flightmare_control/control_delay_ms.data,25.91872215270996
16.162,1746018914.962000000,/flightmare_control/control_delay_ms.data,17.008304595947266
16.18,1746018914.980000000,/flightmare_control/control_delay_ms.data,21.433353424072266
16.211,1746018915.011000000,/flightmare_control/control_delay_ms.data,27.64725685119629
16.247,1746018915.047000000,/flightmare_control/control_delay_ms.data,16.51906967163086
16.298000000000002,1746018915.098000000,/flightmare_control/control_delay_ms.data,53.211212158203125
16.322,1746018915.122000000,/flightmare_control/control_delay_ms.data,23.34761619567871
16.339,1746018915.139000000,/flightmare_control/control_delay_ms.data,30.501365661621094
16.339,1746018915.139000000,/flightmare_control/control_delay_ms.data,16.242504119873047
16.374,1746018915.174000000,/flightmare_control/control_delay_ms.data,20.163297653198242
16.398,1746018915.198000000,/flightmare_control/control_delay_ms.data,21.11959457397461
16.425,1746018915.225000000,/flightmare_control/control_delay_ms.data,19.50526237487793
16.455,1746018915.255000000,/flightmare_control/control_delay_ms.data,20.220518112182617
16.469,1746018915.269000000,/flightmare_control/control_delay_ms.data,33.9961051940918
16.469,1746018915.269000000,/flightmare_control/control_delay_ms.data,18.266677856445312
16.51,1746018915.310000000,/flightmare_control/control_delay_ms.data,28.331995010375977
16.558,1746018915.358000000,/flightmare_control/control_delay_ms.data,25.132417678833008
16.572,1746018915.372000000,/flightmare_control/control_delay_ms.data,19.602537155151367
16.572,1746018915.372000000,/flightmare_control/control_delay_ms.data,21.981239318847656
16.596,1746018915.396000000,/flightmare_control/control_delay_ms.data,14.947652816772461
16.656,1746018915.456000000,/flightmare_control/control_delay_ms.data,43.775081634521484
16.671,1746018915.471000000,/flightmare_control/control_delay_ms.data,24.675369262695312
16.671,1746018915.471000000,/flightmare_control/control_delay_ms.data,18.85199546813965
16.722,1746018915.522000000,/flightmare_control/control_delay_ms.data,27.47035026550293
16.736,1746018915.536000000,/flightmare_control/control_delay_ms.data,30.907154083251953
16.753,1746018915.553000000,/flightmare_control/control_delay_ms.data,33.525943756103516
16.809,1746018915.609000000,/flightmare_control/control_delay_ms.data,26.987314224243164
16.927,1746018915.727000000,/flightmare_control/control_delay_ms.data,100.34036636352539
16.927,1746018915.727000000,/flightmare_control/control_delay_ms.data,30.658245086669922
16.939,1746018915.739000000,/flightmare_control/control_delay_ms.data,29.438257217407227
16.961,1746018915.761000000,/flightmare_control/control_delay_ms.data,12.69078254699707
16.993,1746018915.793000000,/flightmare_control/control_delay_ms.data,31.880617141723633
17.021,1746018915.821000000,/flightmare_control/control_delay_ms.data,13.207435607910156
17.035,1746018915.835000000,/flightmare_control/control_delay_ms.data,22.189855575561523
17.061,1746018915.861000000,/flightmare_control/control_delay_ms.data,18.785715103149414
17.109,1746018915.909000000,/flightmare_control/control_delay_ms.data,57.128190994262695
17.144,1746018915.944000000,/flightmare_control/control_delay_ms.data,29.671430587768555
17.171,1746018915.971000000,/flightmare_control/control_delay_ms.data,16.53575897216797
17.207,1746018916.007000000,/flightmare_control/control_delay_ms.data,25.035858154296875
17.244,1746018916.044000000,/flightmare_control/control_delay_ms.data,29.59299087524414
17.278,1746018916.078000000,/flightmare_control/control_delay_ms.data,40.33970832824707
17.278,1746018916.078000000,/flightmare_control/control_delay_ms.data,15.970945358276367
17.31,1746018916.110000000,/flightmare_control/control_delay_ms.data,19.193172454833984
17.327,1746018916.127000000,/flightmare_control/control_delay_ms.data,15.189886093139648
17.356,1746018916.156000000,/flightmare_control/control_delay_ms.data,44.18373107910156
17.385,1746018916.185000000,/flightmare_control/control_delay_ms.data,13.06605339050293
17.412,1746018916.212000000,/flightmare_control/control_delay_ms.data,37.67061233520508
17.431,1746018916.231000000,/flightmare_control/control_delay_ms.data,19.03843879699707
17.431,1746018916.231000000,/flightmare_control/control_delay_ms.data,22.531986236572266
17.475,1746018916.275000000,/flightmare_control/control_delay_ms.data,31.53848648071289
17.511,1746018916.311000000,/flightmare_control/control_delay_ms.data,26.95465087890625
17.547,1746018916.347000000,/flightmare_control/control_delay_ms.data,40.271759033203125
17.567,1746018916.367000000,/flightmare_control/control_delay_ms.data,27.68111228942871
17.595,1746018916.395000000,/flightmare_control/control_delay_ms.data,23.908138275146484
17.631,1746018916.431000000,/flightmare_control/control_delay_ms.data,17.783403396606445
17.631,1746018916.431000000,/flightmare_control/control_delay_ms.data,21.322011947631836
17.651,1746018916.451000000,/flightmare_control/control_delay_ms.data,15.324115753173828
17.709,1746018916.509000000,/flightmare_control/control_delay_ms.data,20.60985565185547
17.709,1746018916.509000000,/flightmare_control/control_delay_ms.data,32.050132751464844
17.743,1746018916.543000000,/flightmare_control/control_delay_ms.data,29.57439422607422
17.769,1746018916.569000000,/flightmare_control/control_delay_ms.data,23.75316619873047
17.789,1746018916.589000000,/flightmare_control/control_delay_ms.data,25.161266326904297
17.804,1746018916.604000000,/flightmare_control/control_delay_ms.data,28.353214263916016
17.813,1746018916.613000000,/flightmare_control/control_delay_ms.data,21.387100219726562
17.88,1746018916.680000000,/flightmare_control/control_delay_ms.data,67.90733337402344
17.913,1746018916.713000000,/flightmare_control/control_delay_ms.data,18.299102783203125
17.985,1746018916.785000000,/flightmare_control/control_delay_ms.data,83.38356018066406
18.05,1746018916.850000000,/flightmare_control/control_delay_ms.data,42.366981506347656
18.063,1746018916.863000000,/flightmare_control/control_delay_ms.data,27.539491653442383
18.08,1746018916.880000000,/flightmare_control/control_delay_ms.data,15.874147415161133
18.092,1746018916.892000000,/flightmare_control/control_delay_ms.data,16.499042510986328
18.169,1746018916.969000000,/flightmare_control/control_delay_ms.data,44.78931427001953
18.195,1746018916.995000000,/flightmare_control/control_delay_ms.data,33.898353576660156
18.209,1746018917.009000000,/flightmare_control/control_delay_ms.data,19.363880157470703
18.223,1746018917.023000000,/flightmare_control/control_delay_ms.data,32.98640251159668
18.234,1746018917.034000000,/flightmare_control/control_delay_ms.data,18.460988998413086
18.295,1746018917.095000000,/flightmare_control/control_delay_ms.data,31.942367553710938
18.295,1746018917.095000000,/flightmare_control/control_delay_ms.data,21.053552627563477
18.311,1746018917.111000000,/flightmare_control/control_delay_ms.data,19.78302001953125
18.386,1746018917.186000000,/flightmare_control/control_delay_ms.data,60.03904342651367
18.386,1746018917.186000000,/flightmare_control/control_delay_ms.data,16.129732131958008
18.407,1746018917.207000000,/flightmare_control/control_delay_ms.data,16.13450050354004
18.42,1746018917.220000000,/flightmare_control/control_delay_ms.data,14.434337615966797
18.437,1746018917.237000000,/flightmare_control/control_delay_ms.data,16.989469528198242
18.474,1746018917.274000000,/flightmare_control/control_delay_ms.data,17.255306243896484
18.502,1746018917.302000000,/flightmare_control/control_delay_ms.data,30.84254264831543
18.515,1746018917.315000000,/flightmare_control/control_delay_ms.data,23.113489151000977
18.531,1746018917.331000000,/flightmare_control/control_delay_ms.data,19.878387451171875
18.547,1746018917.347000000,/flightmare_control/control_delay_ms.data,23.253679275512695
18.649,1746018917.449000000,/flightmare_control/control_delay_ms.data,65.39607048034668
18.667,1746018917.467000000,/flightmare_control/control_delay_ms.data,37.27078437805176
18.722,1746018917.522000000,/flightmare_control/control_delay_ms.data,61.73133850097656
18.795,1746018917.595000000,/flightmare_control/control_delay_ms.data,24.367332458496094
18.795,1746018917.595000000,/flightmare_control/control_delay_ms.data,23.077964782714844
18.811,1746018917.611000000,/flightmare_control/control_delay_ms.data,35.421133041381836
18.863,1746018917.663000000,/flightmare_control/control_delay_ms.data,28.977155685424805
18.878,1746018917.678000000,/flightmare_control/control_delay_ms.data,37.52851486206055
18.894,1746018917.694000000,/flightmare_control/control_delay_ms.data,26.658058166503906
18.908,1746018917.708000000,/flightmare_control/control_delay_ms.data,21.12126350402832
18.941,1746018917.741000000,/flightmare_control/control_delay_ms.data,17.271757125854492
18.971,1746018917.771000000,/flightmare_control/control_delay_ms.data,27.355432510375977
19.002,1746018917.802000000,/flightmare_control/control_delay_ms.data,17.12656021118164
19.022,1746018917.822000000,/flightmare_control/control_delay_ms.data,16.655445098876953
19.047,1746018917.847000000,/flightmare_control/control_delay_ms.data,35.17031669616699
19.047,1746018917.847000000,/flightmare_control/control_delay_ms.data,22.648334503173828
19.111,1746018917.911000000,/flightmare_control/control_delay_ms.data,67.60454177856445
19.148,1746018917.948000000,/flightmare_control/control_delay_ms.data,31.101465225219727
19.166,1746018917.966000000,/flightmare_control/control_delay_ms.data,19.00625228881836
19.211,1746018918.011000000,/flightmare_control/control_delay_ms.data,18.099546432495117
19.226,1746018918.026000000,/flightmare_control/control_delay_ms.data,50.11892318725586
19.26,1746018918.060000000,/flightmare_control/control_delay_ms.data,24.025917053222656
19.31,1746018918.110000000,/flightmare_control/control_delay_ms.data,22.879600524902344
19.319,1746018918.119000000,/flightmare_control/control_delay_ms.data,34.131765365600586
19.352,1746018918.152000000,/flightmare_control/control_delay_ms.data,31.40997886657715
19.38,1746018918.180000000,/flightmare_control/control_delay_ms.data,18.48626136779785
19.424,1746018918.224000000,/flightmare_control/control_delay_ms.data,26.29566192626953
19.424,1746018918.224000000,/flightmare_control/control_delay_ms.data,33.22720527648926
19.457,1746018918.257000000,/flightmare_control/control_delay_ms.data,22.03226089477539
19.509,1746018918.309000000,/flightmare_control/control_delay_ms.data,23.55813980102539
19.524,1746018918.324000000,/flightmare_control/control_delay_ms.data,60.614824295043945
19.572,1746018918.372000000,/flightmare_control/control_delay_ms.data,15.494585037231445
19.581,1746018918.381000000,/flightmare_control/control_delay_ms.data,29.48594093322754
19.621,1746018918.421000000,/flightmare_control/control_delay_ms.data,27.653932571411133
19.621,1746018918.421000000,/flightmare_control/control_delay_ms.data,22.167682647705078
19.66,1746018918.460000000,/flightmare_control/control_delay_ms.data,28.285741806030273
19.676,1746018918.476000000,/flightmare_control/control_delay_ms.data,15.627145767211914
19.714,1746018918.514000000,/flightmare_control/control_delay_ms.data,22.681236267089844
19.75,1746018918.550000000,/flightmare_control/control_delay_ms.data,21.398305892944336
19.751,1746018918.551000000,/flightmare_control/control_delay_ms.data,16.069889068603516
19.767,1746018918.567000000,/flightmare_control/control_delay_ms.data,30.37118911743164
19.826,1746018918.626000000,/flightmare_control/control_delay_ms.data,46.239614486694336
19.861,1746018918.661000000,/flightmare_control/control_delay_ms.data,27.862071990966797
19.872,1746018918.672000000,/flightmare_control/control_delay_ms.data,24.338245391845703
19.956,1746018918.756000000,/flightmare_control/control_delay_ms.data,41.06616973876953
19.956,1746018918.756000000,/flightmare_control/control_delay_ms.data,61.13767623901367
19.985,1746018918.785000000,/flightmare_control/control_delay_ms.data,23.82826805114746
20.02,1746018918.820000000,/flightmare_control/control_delay_ms.data,29.822349548339844
20.057,1746018918.857000000,/flightmare_control/control_delay_ms.data,32.56511688232422
20.087,1746018918.887000000,/flightmare_control/control_delay_ms.data,21.2094783782959
20.102,1746018918.902000000,/flightmare_control/control_delay_ms.data,24.44171905517578
20.12,1746018918.920000000,/flightmare_control/control_delay_ms.data,19.980192184448242
20.186,1746018918.986000000,/flightmare_control/control_delay_ms.data,24.188518524169922
20.188,1746018918.988000000,/flightmare_control/control_delay_ms.data,26.690959930419922
20.205,1746018919.005000000,/flightmare_control/control_delay_ms.data,25.249004364013672
20.22,1746018919.020000000,/flightmare_control/control_delay_ms.data,16.945600509643555
20.26,1746018919.060000000,/flightmare_control/control_delay_ms.data,36.412715911865234
20.308,1746018919.108000000,/flightmare_control/control_delay_ms.data,33.94889831542969
20.311,1746018919.111000000,/flightmare_control/control_delay_ms.data,40.680885314941406
20.37,1746018919.170000000,/flightmare_control/control_delay_ms.data,25.585412979125977
20.39,1746018919.190000000,/flightmare_control/control_delay_ms.data,23.087024688720703
20.406,1746018919.206000000,/flightmare_control/control_delay_ms.data,26.634693145751953
20.419,1746018919.219000000,/flightmare_control/control_delay_ms.data,22.057056427001953
20.473,1746018919.273000000,/flightmare_control/control_delay_ms.data,29.19149398803711
20.498,1746018919.298000000,/flightmare_control/control_delay_ms.data,38.12694549560547
20.516,1746018919.316000000,/flightmare_control/control_delay_ms.data,27.93097496032715
20.545,1746018919.345000000,/flightmare_control/control_delay_ms.data,15.800714492797852
20.545,1746018919.345000000,/flightmare_control/control_delay_ms.data,31.000137329101562
20.616,1746018919.416000000,/flightmare_control/control_delay_ms.data,18.996715545654297
20.616,1746018919.416000000,/flightmare_control/control_delay_ms.data,31.897544860839844
20.631,1746018919.431000000,/flightmare_control/control_delay_ms.data,19.810914993286133
20.648,1746018919.448000000,/flightmare_control/control_delay_ms.data,19.582033157348633
20.683,1746018919.483000000,/flightmare_control/control_delay_ms.data,17.183780670166016
20.692,1746018919.492000000,/flightmare_control/control_delay_ms.data,25.176286697387695
20.721,1746018919.521000000,/flightmare_control/control_delay_ms.data,38.278818130493164
20.752,1746018919.552000000,/flightmare_control/control_delay_ms.data,31.908273696899414
20.786,1746018919.586000000,/flightmare_control/control_delay_ms.data,17.142772674560547
20.826,1746018919.626000000,/flightmare_control/control_delay_ms.data,31.662464141845703
20.842,1746018919.642000000,/flightmare_control/control_delay_ms.data,33.127784729003906
20.871,1746018919.671000000,/flightmare_control/control_delay_ms.data,24.956226348876953
20.91,1746018919.710000000,/flightmare_control/control_delay_ms.data,21.4080810546875
21.02,1746018919.820000000,/flightmare_control/control_delay_ms.data,25.229692459106445
21.02,1746018919.820000000,/flightmare_control/control_delay_ms.data,44.8908805847168
21.023,1746018919.823000000,/flightmare_control/control_delay_ms.data,21.487712860107422
21.023,1746018919.823000000,/flightmare_control/control_delay_ms.data,31.158447265625
21.064,1746018919.864000000,/flightmare_control/control_delay_ms.data,23.855209350585938
21.1,1746018919.900000000,/flightmare_control/control_delay_ms.data,31.991958618164062
21.1,1746018919.900000000,/flightmare_control/control_delay_ms.data,13.81683349609375
21.133,1746018919.933000000,/flightmare_control/control_delay_ms.data,21.203279495239258
21.133,1746018919.933000000,/flightmare_control/control_delay_ms.data,20.264148712158203
21.159,1746018919.959000000,/flightmare_control/control_delay_ms.data,15.650510787963867
21.205,1746018920.005000000,/flightmare_control/control_delay_ms.data,19.91438865661621
21.205,1746018920.005000000,/flightmare_control/control_delay_ms.data,21.26789093017578
21.266,1746018920.066000000,/flightmare_control/control_delay_ms.data,62.81089782714844
21.274,1746018920.074000000,/flightmare_control/control_delay_ms.data,27.485370635986328
21.333,1746018920.133000000,/flightmare_control/control_delay_ms.data,30.24435043334961
21.362,1746018920.162000000,/flightmare_control/control_delay_ms.data,23.395538330078125
21.362,1746018920.162000000,/flightmare_control/control_delay_ms.data,18.65243911743164
21.401,1746018920.201000000,/flightmare_control/control_delay_ms.data,22.576570510864258
21.426,1746018920.226000000,/flightmare_control/control_delay_ms.data,22.727012634277344
21.433,1746018920.233000000,/flightmare_control/control_delay_ms.data,21.19922637939453
21.469,1746018920.269000000,/flightmare_control/control_delay_ms.data,34.4390869140625
21.494,1746018920.294000000,/flightmare_control/control_delay_ms.data,24.408817291259766
21.495,1746018920.295000000,/flightmare_control/control_delay_ms.data,17.334699630737305
21.522,1746018920.322000000,/flightmare_control/control_delay_ms.data,30.553817749023438
21.584,1746018920.384000000,/flightmare_control/control_delay_ms.data,29.77609634399414
21.6,1746018920.400000000,/flightmare_control/control_delay_ms.data,40.88020324707031
21.634,1746018920.434000000,/flightmare_control/control_delay_ms.data,25.92015266418457
21.663,1746018920.463000000,/flightmare_control/control_delay_ms.data,59.12375450134277
21.709,1746018920.509000000,/flightmare_control/control_delay_ms.data,18.79286766052246
21.751,1746018920.551000000,/flightmare_control/control_delay_ms.data,28.84197235107422
21.753,1746018920.553000000,/flightmare_control/control_delay_ms.data,38.552045822143555
21.794,1746018920.594000000,/flightmare_control/control_delay_ms.data,34.83724594116211
21.81,1746018920.610000000,/flightmare_control/control_delay_ms.data,22.98283576965332
21.9,1746018920.700000000,/flightmare_control/control_delay_ms.data,31.340360641479492
21.9,1746018920.700000000,/flightmare_control/control_delay_ms.data,31.618356704711914
21.926,1746018920.726000000,/flightmare_control/control_delay_ms.data,32.61256217956543
21.954,1746018920.754000000,/flightmare_control/control_delay_ms.data,27.005434036254883
21.969,1746018920.769000000,/flightmare_control/control_delay_ms.data,24.356842041015625
22.018,1746018920.818000000,/flightmare_control/control_delay_ms.data,30.927658081054688
22.018,1746018920.818000000,/flightmare_control/control_delay_ms.data,23.711681365966797
22.041,1746018920.841000000,/flightmare_control/control_delay_ms.data,22.83644676208496
22.109,1746018920.909000000,/flightmare_control/control_delay_ms.data,33.52713584899902
22.132,1746018920.932000000,/flightmare_control/control_delay_ms.data,40.961265563964844
22.159,1746018920.959000000,/flightmare_control/control_delay_ms.data,21.61121368408203
22.183,1746018920.983000000,/flightmare_control/control_delay_ms.data,23.412704467773438
22.203,1746018921.003000000,/flightmare_control/control_delay_ms.data,43.49088668823242
22.248,1746018921.048000000,/flightmare_control/control_delay_ms.data,28.949737548828125
22.291,1746018921.091000000,/flightmare_control/control_delay_ms.data,46.01097106933594
22.31,1746018921.110000000,/flightmare_control/control_delay_ms.data,21.05236053466797
22.35,1746018921.150000000,/flightmare_control/control_delay_ms.data,22.7510929107666
22.393,1746018921.193000000,/flightmare_control/control_delay_ms.data,35.54821014404297
22.393,1746018921.193000000,/flightmare_control/control_delay_ms.data,31.31413459777832
22.417,1746018921.217000000,/flightmare_control/control_delay_ms.data,20.998716354370117
22.485,1746018921.285000000,/flightmare_control/control_delay_ms.data,45.89247703552246
22.512,1746018921.312000000,/flightmare_control/control_delay_ms.data,30.474185943603516
22.544,1746018921.344000000,/flightmare_control/control_delay_ms.data,22.84407615661621
22.567,1746018921.367000000,/flightmare_control/control_delay_ms.data,39.1085147857666
22.567,1746018921.367000000,/flightmare_control/control_delay_ms.data,16.660213470458984
22.62,1746018921.420000000,/flightmare_control/control_delay_ms.data,34.06476974487305
22.648,1746018921.448000000,/flightmare_control/control_delay_ms.data,16.936063766479492
22.697,1746018921.497000000,/flightmare_control/control_delay_ms.data,68.31645965576172
22.711,1746018921.511000000,/flightmare_control/control_delay_ms.data,26.75008773803711
22.755,1746018921.555000000,/flightmare_control/control_delay_ms.data,37.944793701171875
22.83,1746018921.630000000,/flightmare_control/control_delay_ms.data,67.48270988464355
22.896,1746018921.696000000,/flightmare_control/control_delay_ms.data,51.0256290435791
22.916,1746018921.716000000,/flightmare_control/control_delay_ms.data,25.49433708190918
22.933,1746018921.733000000,/flightmare_control/control_delay_ms.data,13.149738311767578
22.949,1746018921.749000000,/flightmare_control/control_delay_ms.data,17.60411262512207
22.974,1746018921.774000000,/flightmare_control/control_delay_ms.data,46.67329788208008
23.059,1746018921.859000000,/flightmare_control/control_delay_ms.data,50.48727989196777
23.059,1746018921.859000000,/flightmare_control/control_delay_ms.data,27.42600440979004
23.089,1746018921.889000000,/flightmare_control/control_delay_ms.data,18.538236618041992
23.13,1746018921.930000000,/flightmare_control/control_delay_ms.data,32.42325782775879
23.169,1746018921.969000000,/flightmare_control/control_delay_ms.data,28.287410736083984
23.193,1746018921.993000000,/flightmare_control/control_delay_ms.data,17.45462417602539
23.193,1746018921.993000000,/flightmare_control/control_delay_ms.data,39.13450241088867
23.24,1746018922.040000000,/flightmare_control/control_delay_ms.data,15.454769134521484
23.274,1746018922.074000000,/flightmare_control/control_delay_ms.data,29.893875122070312
23.274,1746018922.074000000,/flightmare_control/control_delay_ms.data,32.59587287902832
23.309,1746018922.109000000,/flightmare_control/control_delay_ms.data,25.878429412841797
23.332,1746018922.132000000,/flightmare_control/control_delay_ms.data,22.926807403564453
23.376,1746018922.176000000,/flightmare_control/control_delay_ms.data,14.292478561401367
23.405,1746018922.205000000,/flightmare_control/control_delay_ms.data,37.177324295043945
23.405,1746018922.205000000,/flightmare_control/control_delay_ms.data,19.227266311645508
23.405,1746018922.205000000,/flightmare_control/control_delay_ms.data,19.21820640563965
23.483,1746018922.283000000,/flightmare_control/control_delay_ms.data,26.790857315063477
23.483,1746018922.283000000,/flightmare_control/control_delay_ms.data,24.979352951049805
23.514,1746018922.314000000,/flightmare_control/control_delay_ms.data,27.39572525024414
23.514,1746018922.314000000,/flightmare_control/control_delay_ms.data,24.178266525268555
23.544,1746018922.344000000,/flightmare_control/control_delay_ms.data,28.2285213470459
23.576,1746018922.376000000,/flightmare_control/control_delay_ms.data,22.351980209350586
23.598,1746018922.398000000,/flightmare_control/control_delay_ms.data,23.615360260009766
23.621,1746018922.421000000,/flightmare_control/control_delay_ms.data,25.751352310180664
23.638,1746018922.438000000,/flightmare_control/control_delay_ms.data,28.748273849487305
23.671,1746018922.471000000,/flightmare_control/control_delay_ms.data,28.29718589782715
23.742,1746018922.542000000,/flightmare_control/control_delay_ms.data,47.482967376708984
23.765,1746018922.565000000,/flightmare_control/control_delay_ms.data,27.61387825012207
23.811,1746018922.611000000,/flightmare_control/control_delay_ms.data,54.77261543273926
23.827,1746018922.627000000,/flightmare_control/control_delay_ms.data,20.08819580078125
23.872,1746018922.672000000,/flightmare_control/control_delay_ms.data,25.433063507080078
23.874,1746018922.674000000,/flightmare_control/control_delay_ms.data,23.53072166442871
23.977,1746018922.777000000,/flightmare_control/control_delay_ms.data,100.60381889343262
24.004,1746018922.804000000,/flightmare_control/control_delay_ms.data,21.40974998474121
24.039,1746018922.839000000,/flightmare_control/control_delay_ms.data,35.569190979003906
24.057,1746018922.857000000,/flightmare_control/control_delay_ms.data,19.823312759399414
24.097,1746018922.897000000,/flightmare_control/control_delay_ms.data,38.53487968444824
24.111,1746018922.911000000,/flightmare_control/control_delay_ms.data,20.009994506835938
24.189,1746018922.989000000,/flightmare_control/control_delay_ms.data,47.02043533325195
24.22,1746018923.020000000,/flightmare_control/control_delay_ms.data,35.605669021606445
24.22,1746018923.020000000,/flightmare_control/control_delay_ms.data,23.773193359375
24.245,1746018923.045000000,/flightmare_control/control_delay_ms.data,18.672704696655273
24.322,1746018923.122000000,/flightmare_control/control_delay_ms.data,83.54592323303223
24.335,1746018923.135000000,/flightmare_control/control_delay_ms.data,24.1696834564209
24.349,1746018923.149000000,/flightmare_control/control_delay_ms.data,13.32402229309082
24.479,1746018923.279000000,/flightmare_control/control_delay_ms.data,120.6963062286377
24.515,1746018923.315000000,/flightmare_control/control_delay_ms.data,21.93140983581543
24.541,1746018923.341000000,/flightmare_control/control_delay_ms.data,25.68364143371582
24.564,1746018923.364000000,/flightmare_control/control_delay_ms.data,21.594524383544922
24.619,1746018923.419000000,/flightmare_control/control_delay_ms.data,47.347307205200195
24.648,1746018923.448000000,/flightmare_control/control_delay_ms.data,39.90030288696289
24.686,1746018923.486000000,/flightmare_control/control_delay_ms.data,26.317358016967773
24.686,1746018923.486000000,/flightmare_control/control_delay_ms.data,21.802663803100586
24.732,1746018923.532000000,/flightmare_control/control_delay_ms.data,16.83783531188965
24.773,1746018923.573000000,/flightmare_control/control_delay_ms.data,65.57679176330566
24.8,1746018923.600000000,/flightmare_control/control_delay_ms.data,41.81838035583496
24.876,1746018923.676000000,/flightmare_control/control_delay_ms.data,35.68601608276367
24.932,1746018923.732000000,/flightmare_control/control_delay_ms.data,26.55506134033203
24.932,1746018923.732000000,/flightmare_control/control_delay_ms.data,31.220674514770508
24.957,1746018923.757000000,/flightmare_control/control_delay_ms.data,26.97443962097168
24.957,1746018923.757000000,/flightmare_control/control_delay_ms.data,17.40884780883789
24.978,1746018923.778000000,/flightmare_control/control_delay_ms.data,38.4068489074707
25.002,1746018923.802000000,/flightmare_control/control_delay_ms.data,19.26589012145996
25.024,1746018923.824000000,/flightmare_control/control_delay_ms.data,33.38122367858887
25.067,1746018923.867000000,/flightmare_control/control_delay_ms.data,18.545866012573242
25.093,1746018923.893000000,/flightmare_control/control_delay_ms.data,31.261444091796875
25.093,1746018923.893000000,/flightmare_control/control_delay_ms.data,21.489381790161133
25.164,1746018923.964000000,/flightmare_control/control_delay_ms.data,20.86043357849121
25.164,1746018923.964000000,/flightmare_control/control_delay_ms.data,32.384634017944336
25.184,1746018923.984000000,/flightmare_control/control_delay_ms.data,21.494626998901367
25.223,1746018924.023000000,/flightmare_control/control_delay_ms.data,18.26953887939453
25.252,1746018924.052000000,/flightmare_control/control_delay_ms.data,28.35536003112793
25.279,1746018924.079000000,/flightmare_control/control_delay_ms.data,44.26169395446777
25.373,1746018924.173000000,/flightmare_control/control_delay_ms.data,51.541805267333984
25.414,1746018924.214000000,/flightmare_control/control_delay_ms.data,26.61299705505371
25.414,1746018924.214000000,/flightmare_control/control_delay_ms.data,28.194665908813477
25.468,1746018924.268000000,/flightmare_control/control_delay_ms.data,77.76713371276855
25.489,1746018924.289000000,/flightmare_control/control_delay_ms.data,22.81928062438965
25.574,1746018924.374000000,/flightmare_control/control_delay_ms.data,68.88008117675781
25.599,1746018924.399000000,/flightmare_control/control_delay_ms.data,46.56028747558594
25.625,1746018924.425000000,/flightmare_control/control_delay_ms.data,31.420469284057617
25.649,1746018924.449000000,/flightmare_control/control_delay_ms.data,26.81279182434082
25.682,1746018924.482000000,/flightmare_control/control_delay_ms.data,25.546550750732422
25.713,1746018924.513000000,/flightmare_control/control_delay_ms.data,19.603729248046875
25.742,1746018924.542000000,/flightmare_control/control_delay_ms.data,32.53793716430664
25.777,1746018924.577000000,/flightmare_control/control_delay_ms.data,24.718046188354492
25.799,1746018924.599000000,/flightmare_control/control_delay_ms.data,21.49224281311035
25.814,1746018924.614000000,/flightmare_control/control_delay_ms.data,39.43586349487305
25.83,1746018924.630000000,/flightmare_control/control_delay_ms.data,17.88187026977539
25.875,1746018924.675000000,/flightmare_control/control_delay_ms.data,40.35377502441406
25.899,1746018924.699000000,/flightmare_control/control_delay_ms.data,20.358562469482422
25.959,1746018924.759000000,/flightmare_control/control_delay_ms.data,47.58572578430176
25.977,1746018924.777000000,/flightmare_control/control_delay_ms.data,27.287721633911133
26.005,1746018924.805000000,/flightmare_control/control_delay_ms.data,19.36483383178711
26.04,1746018924.840000000,/flightmare_control/control_delay_ms.data,46.45991325378418
26.099,1746018924.899000000,/flightmare_control/control_delay_ms.data,27.871131896972656
26.118,1746018924.918000000,/flightmare_control/control_delay_ms.data,41.48411750793457
26.134,1746018924.934000000,/flightmare_control/control_delay_ms.data,25.573253631591797
26.136,1746018924.936000000,/flightmare_control/control_delay_ms.data,14.974832534790039
26.177,1746018924.977000000,/flightmare_control/control_delay_ms.data,38.49220275878906
26.198,1746018924.998000000,/flightmare_control/control_delay_ms.data,14.164924621582031
26.22,1746018925.020000000,/flightmare_control/control_delay_ms.data,25.806427001953125
26.237,1746018925.037000000,/flightmare_control/control_delay_ms.data,20.293712615966797
26.26,1746018925.060000000,/flightmare_control/control_delay_ms.data,19.664764404296875
26.324,1746018925.124000000,/flightmare_control/control_delay_ms.data,29.69050407409668
26.324,1746018925.124000000,/flightmare_control/control_delay_ms.data,25.31123161315918
26.336,1746018925.136000000,/flightmare_control/control_delay_ms.data,20.495891571044922
26.365,1746018925.165000000,/flightmare_control/control_delay_ms.data,27.27031707763672
26.386,1746018925.186000000,/flightmare_control/control_delay_ms.data,28.50198745727539
26.411,1746018925.211000000,/flightmare_control/control_delay_ms.data,23.16570281982422
26.429,1746018925.229000000,/flightmare_control/control_delay_ms.data,22.19867706298828
26.488,1746018925.288000000,/flightmare_control/control_delay_ms.data,28.45311164855957
26.534,1746018925.334000000,/flightmare_control/control_delay_ms.data,54.14128303527832
26.561,1746018925.361000000,/flightmare_control/control_delay_ms.data,38.10524940490723
26.582,1746018925.382000000,/flightmare_control/control_delay_ms.data,23.91505241394043
26.61,1746018925.410000000,/flightmare_control/control_delay_ms.data,13.907432556152344
26.644,1746018925.444000000,/flightmare_control/control_delay_ms.data,18.751144409179688
26.644,1746018925.444000000,/flightmare_control/control_delay_ms.data,28.730392456054688
26.674,1746018925.474000000,/flightmare_control/control_delay_ms.data,22.437572479248047
26.706,1746018925.506000000,/flightmare_control/control_delay_ms.data,21.216392517089844
26.706,1746018925.506000000,/flightmare_control/control_delay_ms.data,28.58757972717285
26.802,1746018925.602000000,/flightmare_control/control_delay_ms.data,53.81202697753906
26.822,1746018925.622000000,/flightmare_control/control_delay_ms.data,27.880191802978516
26.847,1746018925.647000000,/flightmare_control/control_delay_ms.data,43.71380805969238
26.886,1746018925.686000000,/flightmare_control/control_delay_ms.data,38.46883773803711
26.925,1746018925.725000000,/flightmare_control/control_delay_ms.data,33.99014472961426
26.937,1746018925.737000000,/flightmare_control/control_delay_ms.data,29.51836585998535
26.966,1746018925.766000000,/flightmare_control/control_delay_ms.data,26.827335357666016
27.015,1746018925.815000000,/flightmare_control/control_delay_ms.data,23.47278594970703
27.032,1746018925.832000000,/flightmare_control/control_delay_ms.data,35.02845764160156
27.059,1746018925.859000000,/flightmare_control/control_delay_ms.data,19.324064254760742
27.091,1746018925.891000000,/flightmare_control/control_delay_ms.data,27.897357940673828
27.092,1746018925.892000000,/flightmare_control/control_delay_ms.data,24.082660675048828
27.12,1746018925.920000000,/flightmare_control/control_delay_ms.data,21.137714385986328
27.14,1746018925.940000000,/flightmare_control/control_delay_ms.data,31.77928924560547
27.196,1746018925.996000000,/flightmare_control/control_delay_ms.data,21.27361297607422
27.241,1746018926.041000000,/flightmare_control/control_delay_ms.data,32.23896026611328
27.241,1746018926.041000000,/flightmare_control/control_delay_ms.data,50.122976303100586
27.268,1746018926.068000000,/flightmare_control/control_delay_ms.data,17.153263092041016
27.305,1746018926.105000000,/flightmare_control/control_delay_ms.data,22.997617721557617
27.332,1746018926.132000000,/flightmare_control/control_delay_ms.data,16.198158264160156
27.357,1746018926.157000000,/flightmare_control/control_delay_ms.data,17.910003662109375
27.357,1746018926.157000000,/flightmare_control/control_delay_ms.data,40.541887283325195
27.432,1746018926.232000000,/flightmare_control/control_delay_ms.data,57.039737701416016
27.448,1746018926.248000000,/flightmare_control/control_delay_ms.data,19.10710334777832
27.448,1746018926.248000000,/flightmare_control/control_delay_ms.data,18.357038497924805
27.493,1746018926.293000000,/flightmare_control/control_delay_ms.data,15.793323516845703
27.509,1746018926.309000000,/flightmare_control/control_delay_ms.data,14.756917953491211
27.536,1746018926.336000000,/flightmare_control/control_delay_ms.data,25.375843048095703
27.558,1746018926.358000000,/flightmare_control/control_delay_ms.data,29.292821884155273
27.598,1746018926.398000000,/flightmare_control/control_delay_ms.data,25.99191665649414
27.599,1746018926.399000000,/flightmare_control/control_delay_ms.data,29.116392135620117
27.656,1746018926.456000000,/flightmare_control/control_delay_ms.data,46.56028747558594
27.719,1746018926.519000000,/flightmare_control/control_delay_ms.data,66.51067733764648
27.748,1746018926.548000000,/flightmare_control/control_delay_ms.data,34.515380859375
27.776,1746018926.576000000,/flightmare_control/control_delay_ms.data,19.13166046142578
27.807,1746018926.607000000,/flightmare_control/control_delay_ms.data,27.72045135498047
27.839,1746018926.639000000,/flightmare_control/control_delay_ms.data,19.835948944091797
27.87,1746018926.670000000,/flightmare_control/control_delay_ms.data,30.192852020263672
27.87,1746018926.670000000,/flightmare_control/control_delay_ms.data,22.71866798400879
27.899,1746018926.699000000,/flightmare_control/control_delay_ms.data,25.12669563293457
27.964,1746018926.764000000,/flightmare_control/control_delay_ms.data,25.902986526489258
27.964,1746018926.764000000,/flightmare_control/control_delay_ms.data,26.47852897644043
28.026,1746018926.826000000,/flightmare_control/control_delay_ms.data,43.17808151245117
28.026,1746018926.826000000,/flightmare_control/control_delay_ms.data,41.11599922180176
28.069,1746018926.869000000,/flightmare_control/control_delay_ms.data,19.649267196655273
28.112,1746018926.912000000,/flightmare_control/control_delay_ms.data,16.3266658782959
28.112,1746018926.912000000,/flightmare_control/control_delay_ms.data,26.634931564331055
28.135,1746018926.935000000,/flightmare_control/control_delay_ms.data,22.144794464111328
28.135,1746018926.935000000,/flightmare_control/control_delay_ms.data,23.312807083129883
28.177,1746018926.977000000,/flightmare_control/control_delay_ms.data,22.728919982910156
28.195,1746018926.995000000,/flightmare_control/control_delay_ms.data,21.256685256958008
28.246,1746018927.046000000,/flightmare_control/control_delay_ms.data,44.45528984069824
28.259,1746018927.059000000,/flightmare_control/control_delay_ms.data,23.88739585876465
28.312,1746018927.112000000,/flightmare_control/control_delay_ms.data,32.55772590637207
28.321,1746018927.121000000,/flightmare_control/control_delay_ms.data,21.314620971679688
28.347,1746018927.147000000,/flightmare_control/control_delay_ms.data,25.88343620300293
28.347,1746018927.147000000,/flightmare_control/control_delay_ms.data,23.674488067626953
28.46,1746018927.260000000,/flightmare_control/control_delay_ms.data,26.266813278198242
28.46,1746018927.260000000,/flightmare_control/control_delay_ms.data,21.76976203918457
28.46,1746018927.260000000,/flightmare_control/control_delay_ms.data,46.602487564086914
28.479,1746018927.279000000,/flightmare_control/control_delay_ms.data,12.350797653198242
28.479,1746018927.279000000,/flightmare_control/control_delay_ms.data,20.613908767700195
28.553,1746018927.353000000,/flightmare_control/control_delay_ms.data,21.25716209411621
28.553,1746018927.353000000,/flightmare_control/control_delay_ms.data,31.503915786743164
28.574,1746018927.374000000,/flightmare_control/control_delay_ms.data,23.00286293029785
28.635,1746018927.435000000,/flightmare_control/control_delay_ms.data,61.53059005737305
28.654,1746018927.454000000,/flightmare_control/control_delay_ms.data,25.615453720092773
28.674,1746018927.474000000,/flightmare_control/control_delay_ms.data,32.216548919677734
28.703,1746018927.503000000,/flightmare_control/control_delay_ms.data,31.381845474243164
28.727,1746018927.527000000,/flightmare_control/control_delay_ms.data,17.055749893188477
28.774,1746018927.574000000,/flightmare_control/control_delay_ms.data,29.116392135620117
28.775,1746018927.575000000,/flightmare_control/control_delay_ms.data,28.045177459716797
28.803,1746018927.603000000,/flightmare_control/control_delay_ms.data,12.110710144042969
28.82,1746018927.620000000,/flightmare_control/control_delay_ms.data,17.092227935791016
28.82,1746018927.620000000,/flightmare_control/control_delay_ms.data,24.689435958862305
28.85,1746018927.650000000,/flightmare_control/control_delay_ms.data,26.302337646484375
28.881,1746018927.681000000,/flightmare_control/control_delay_ms.data,23.11253547668457
28.911,1746018927.711000000,/flightmare_control/control_delay_ms.data,20.798683166503906
28.931,1746018927.731000000,/flightmare_control/control_delay_ms.data,30.312061309814453
28.958,1746018927.758000000,/flightmare_control/control_delay_ms.data,23.89359474182129
28.988,1746018927.788000000,/flightmare_control/control_delay_ms.data,28.887510299682617
29.006,1746018927.806000000,/flightmare_control/control_delay_ms.data,27.43363380432129
29.105,1746018927.905000000,/flightmare_control/control_delay_ms.data,65.0789737701416
29.105,1746018927.905000000,/flightmare_control/control_delay_ms.data,24.66106414794922
29.156,1746018927.956000000,/flightmare_control/control_delay_ms.data,49.41964149475098
29.169,1746018927.969000000,/flightmare_control/control_delay_ms.data,24.144887924194336
29.198,1746018927.998000000,/flightmare_control/control_delay_ms.data,17.82965660095215
29.228,1746018928.028000000,/flightmare_control/control_delay_ms.data,23.78368377685547
29.238,1746018928.038000000,/flightmare_control/control_delay_ms.data,31.914472579956055
29.253,1746018928.053000000,/flightmare_control/control_delay_ms.data,19.616365432739258
29.291,1746018928.091000000,/flightmare_control/control_delay_ms.data,15.979290008544922
29.311,1746018928.111000000,/flightmare_control/control_delay_ms.data,38.19584846496582
29.328,1746018928.128000000,/flightmare_control/control_delay_ms.data,19.0277099609375
29.437,1746018928.237000000,/flightmare_control/control_delay_ms.data,99.05624389648438
29.448,1746018928.248000000,/flightmare_control/control_delay_ms.data,21.167993545532227
29.5,1746018928.300000000,/flightmare_control/control_delay_ms.data,21.4231014251709
29.533,1746018928.333000000,/flightmare_control/control_delay_ms.data,32.34434127807617
29.548000000000002,1746018928.348000000,/flightmare_control/control_delay_ms.data,29.546737670898438
29.576,1746018928.376000000,/flightmare_control/control_delay_ms.data,25.732755661010742
29.599,1746018928.399000000,/flightmare_control/control_delay_ms.data,27.74500846862793
29.613,1746018928.413000000,/flightmare_control/control_delay_ms.data,19.49310302734375
29.657,1746018928.457000000,/flightmare_control/control_delay_ms.data,19.54483985900879
29.666,1746018928.466000000,/flightmare_control/control_delay_ms.data,35.53915023803711
29.68,1746018928.480000000,/flightmare_control/control_delay_ms.data,16.991853713989258
29.751,1746018928.551000000,/flightmare_control/control_delay_ms.data,63.72213363647461
29.786,1746018928.586000000,/flightmare_control/control_delay_ms.data,26.49855613708496
29.805,1746018928.605000000,/flightmare_control/control_delay_ms.data,29.061317443847656
29.84,1746018928.640000000,/flightmare_control/control_delay_ms.data,58.29906463623047
29.895,1746018928.695000000,/flightmare_control/control_delay_ms.data,32.27519989013672
29.931,1746018928.731000000,/flightmare_control/control_delay_ms.data,29.097557067871094
29.989,1746018928.789000000,/flightmare_control/control_delay_ms.data,26.44658088684082
29.99,1746018928.790000000,/flightmare_control/control_delay_ms.data,28.12790870666504
30.005,1746018928.805000000,/flightmare_control/control_delay_ms.data,32.8211784362793
30.086,1746018928.886000000,/flightmare_control/control_delay_ms.data,60.86421012878418
30.101,1746018928.901000000,/flightmare_control/control_delay_ms.data,27.067899703979492
30.141,1746018928.941000000,/flightmare_control/control_delay_ms.data,26.54099464416504
30.165,1746018928.965000000,/flightmare_control/control_delay_ms.data,32.48929977416992
30.189,1746018928.989000000,/flightmare_control/control_delay_ms.data,21.562814712524414
30.2,1746018929.000000000,/flightmare_control/control_delay_ms.data,27.83346176147461
30.219,1746018929.019000000,/flightmare_control/control_delay_ms.data,28.005599975585938
30.25,1746018929.050000000,/flightmare_control/control_delay_ms.data,24.940013885498047
30.282,1746018929.082000000,/flightmare_control/control_delay_ms.data,27.20165252685547
30.335,1746018929.135000000,/flightmare_control/control_delay_ms.data,19.458770751953125
30.345,1746018929.145000000,/flightmare_control/control_delay_ms.data,47.255516052246094
30.403,1746018929.203000000,/flightmare_control/control_delay_ms.data,32.84907341003418
30.441,1746018929.241000000,/flightmare_control/control_delay_ms.data,31.98099136352539
30.467,1746018929.267000000,/flightmare_control/control_delay_ms.data,36.8499755859375
30.484,1746018929.284000000,/flightmare_control/control_delay_ms.data,22.497892379760742
30.584,1746018929.384000000,/flightmare_control/control_delay_ms.data,113.50131034851074
30.63,1746018929.430000000,/flightmare_control/control_delay_ms.data,36.48066520690918
30.667,1746018929.467000000,/flightmare_control/control_delay_ms.data,24.140357971191406
30.715,1746018929.515000000,/flightmare_control/control_delay_ms.data,32.66310691833496
30.732,1746018929.532000000,/flightmare_control/control_delay_ms.data,28.998374938964844
30.762,1746018929.562000000,/flightmare_control/control_delay_ms.data,33.418893814086914
30.814,1746018929.614000000,/flightmare_control/control_delay_ms.data,79.4215202331543
30.844,1746018929.644000000,/flightmare_control/control_delay_ms.data,20.01667022705078
30.872,1746018929.672000000,/flightmare_control/control_delay_ms.data,23.46062660217285
30.904,1746018929.704000000,/flightmare_control/control_delay_ms.data,32.337188720703125
30.97,1746018929.770000000,/flightmare_control/control_delay_ms.data,74.67436790466309
31.005,1746018929.805000000,/flightmare_control/control_delay_ms.data,14.98866081237793
31.038,1746018929.838000000,/flightmare_control/control_delay_ms.data,30.064105987548828
31.039,1746018929.839000000,/flightmare_control/control_delay_ms.data,23.5440731048584
31.082,1746018929.882000000,/flightmare_control/control_delay_ms.data,17.51542091369629
31.095,1746018929.895000000,/flightmare_control/control_delay_ms.data,29.599666595458984
31.138,1746018929.938000000,/flightmare_control/control_delay_ms.data,17.563343048095703
31.151,1746018929.951000000,/flightmare_control/control_delay_ms.data,30.81798553466797
31.18,1746018929.980000000,/flightmare_control/control_delay_ms.data,23.065567016601562
31.217,1746018930.017000000,/flightmare_control/control_delay_ms.data,40.26532173156738
31.235,1746018930.035000000,/flightmare_control/control_delay_ms.data,24.111032485961914
31.261,1746018930.061000000,/flightmare_control/control_delay_ms.data,25.801420211791992
31.321,1746018930.121000000,/flightmare_control/control_delay_ms.data,52.04057693481445
31.35,1746018930.150000000,/flightmare_control/control_delay_ms.data,31.12006187438965
31.366,1746018930.166000000,/flightmare_control/control_delay_ms.data,32.395362854003906
31.422,1746018930.222000000,/flightmare_control/control_delay_ms.data,28.63907814025879
31.437,1746018930.237000000,/flightmare_control/control_delay_ms.data,22.91727066040039
31.48,1746018930.280000000,/flightmare_control/control_delay_ms.data,31.07476234436035
31.5,1746018930.300000000,/flightmare_control/control_delay_ms.data,28.15842628479004
31.55,1746018930.350000000,/flightmare_control/control_delay_ms.data,34.40713882446289
31.563,1746018930.363000000,/flightmare_control/control_delay_ms.data,39.29734230041504
31.595,1746018930.395000000,/flightmare_control/control_delay_ms.data,34.160614013671875
31.608,1746018930.408000000,/flightmare_control/control_delay_ms.data,22.354602813720703
31.636,1746018930.436000000,/flightmare_control/control_delay_ms.data,19.273042678833008
31.661,1746018930.461000000,/flightmare_control/control_delay_ms.data,27.02951431274414
31.708,1746018930.508000000,/flightmare_control/control_delay_ms.data,63.21287155151367
31.742,1746018930.542000000,/flightmare_control/control_delay_ms.data,22.342681884765625
31.77,1746018930.570000000,/flightmare_control/control_delay_ms.data,22.718191146850586
31.777,1746018930.577000000,/flightmare_control/control_delay_ms.data,21.818876266479492
31.818,1746018930.618000000,/flightmare_control/control_delay_ms.data,32.33480453491211
31.88,1746018930.680000000,/flightmare_control/control_delay_ms.data,36.72313690185547
31.908,1746018930.708000000,/flightmare_control/control_delay_ms.data,30.262470245361328
31.921,1746018930.721000000,/flightmare_control/control_delay_ms.data,34.832000732421875
31.984,1746018930.784000000,/flightmare_control/control_delay_ms.data,23.901700973510742
32.032,1746018930.832000000,/flightmare_control/control_delay_ms.data,22.42302894592285
32.066,1746018930.866000000,/flightmare_control/control_delay_ms.data,24.139404296875
32.066,1746018930.866000000,/flightmare_control/control_delay_ms.data,39.56460952758789
32.081,1746018930.881000000,/flightmare_control/control_delay_ms.data,25.025367736816406
32.081,1746018930.881000000,/flightmare_control/control_delay_ms.data,21.891117095947266
32.097,1746018930.897000000,/flightmare_control/control_delay_ms.data,18.106698989868164
32.132,1746018930.932000000,/flightmare_control/control_delay_ms.data,26.93796157836914
32.164,1746018930.964000000,/flightmare_control/control_delay_ms.data,32.55176544189453
32.23,1746018931.030000000,/flightmare_control/control_delay_ms.data,56.674957275390625
32.23,1746018931.030000000,/flightmare_control/control_delay_ms.data,18.002033233642578
32.278,1746018931.078000000,/flightmare_control/control_delay_ms.data,23.475170135498047
32.298,1746018931.098000000,/flightmare_control/control_delay_ms.data,32.92393684387207
32.339,1746018931.139000000,/flightmare_control/control_delay_ms.data,17.32182502746582
32.366,1746018931.166000000,/flightmare_control/control_delay_ms.data,34.99865531921387
32.388,1746018931.188000000,/flightmare_control/control_delay_ms.data,20.455360412597656
32.43,1746018931.230000000,/flightmare_control/control_delay_ms.data,44.13437843322754
32.468,1746018931.268000000,/flightmare_control/control_delay_ms.data,36.60726547241211
32.5,1746018931.300000000,/flightmare_control/control_delay_ms.data,50.009965896606445
32.522,1746018931.322000000,/flightmare_control/control_delay_ms.data,28.877735137939453
32.536,1746018931.336000000,/flightmare_control/control_delay_ms.data,19.88959312438965
32.575,1746018931.375000000,/flightmare_control/control_delay_ms.data,31.134605407714844
32.59,1746018931.390000000,/flightmare_control/control_delay_ms.data,22.2475528717041
32.651,1746018931.451000000,/flightmare_control/control_delay_ms.data,44.663190841674805
32.666,1746018931.466000000,/flightmare_control/control_delay_ms.data,23.870468139648438
32.701,1746018931.501000000,/flightmare_control/control_delay_ms.data,23.56863021850586
32.739,1746018931.539000000,/flightmare_control/control_delay_ms.data,32.79757499694824
32.766,1746018931.566000000,/flightmare_control/control_delay_ms.data,36.64684295654297
32.798,1746018931.598000000,/flightmare_control/control_delay_ms.data,36.039113998413086
32.849,1746018931.649000000,/flightmare_control/control_delay_ms.data,35.855770111083984
32.863,1746018931.663000000,/flightmare_control/control_delay_ms.data,30.829668045043945
32.897,1746018931.697000000,/flightmare_control/control_delay_ms.data,37.63437271118164
32.954,1746018931.754000000,/flightmare_control/control_delay_ms.data,52.72555351257324
32.968,1746018931.768000000,/flightmare_control/control_delay_ms.data,19.888639450073242
33,1746018931.800000000,/flightmare_control/control_delay_ms.data,27.68421173095703
33.012,1746018931.812000000,/flightmare_control/control_delay_ms.data,22.62282371520996
33.079,1746018931.879000000,/flightmare_control/control_delay_ms.data,38.062095642089844
33.127,1746018931.927000000,/flightmare_control/control_delay_ms.data,52.25324630737305
33.127,1746018931.927000000,/flightmare_control/control_delay_ms.data,18.62335205078125
33.158,1746018931.958000000,/flightmare_control/control_delay_ms.data,21.53778076171875
33.172,1746018931.972000000,/flightmare_control/control_delay_ms.data,23.1778621673584
33.23,1746018932.030000000,/flightmare_control/control_delay_ms.data,53.03239822387695
33.246,1746018932.046000000,/flightmare_control/control_delay_ms.data,24.102210998535156
33.288,1746018932.088000000,/flightmare_control/control_delay_ms.data,29.421567916870117
33.363,1746018932.163000000,/flightmare_control/control_delay_ms.data,69.47636604309082
33.394,1746018932.194000000,/flightmare_control/control_delay_ms.data,38.333892822265625
33.434,1746018932.234000000,/flightmare_control/control_delay_ms.data,30.628204345703125
33.457,1746018932.257000000,/flightmare_control/control_delay_ms.data,30.63797950744629
33.495,1746018932.295000000,/flightmare_control/control_delay_ms.data,30.99966049194336
33.544,1746018932.344000000,/flightmare_control/control_delay_ms.data,28.24544906616211
33.557,1746018932.357000000,/flightmare_control/control_delay_ms.data,56.20574951171875
33.592,1746018932.392000000,/flightmare_control/control_delay_ms.data,24.245500564575195
33.648,1746018932.448000000,/flightmare_control/control_delay_ms.data,41.87917709350586
33.695,1746018932.495000000,/flightmare_control/control_delay_ms.data,29.44350242614746
33.711,1746018932.511000000,/flightmare_control/control_delay_ms.data,57.56807327270508
33.792,1746018932.592000000,/flightmare_control/control_delay_ms.data,50.51398277282715
33.837,1746018932.637000000,/flightmare_control/control_delay_ms.data,56.11705780029297
33.858,1746018932.658000000,/flightmare_control/control_delay_ms.data,38.9256477355957
33.889,1746018932.689000000,/flightmare_control/control_delay_ms.data,27.68993377685547
34.003,1746018932.803000000,/flightmare_control/control_delay_ms.data,98.32286834716797
34.036,1746018932.836000000,/flightmare_control/control_delay_ms.data,27.500391006469727
34.094,1746018932.894000000,/flightmare_control/control_delay_ms.data,64.08858299255371
34.124,1746018932.924000000,/flightmare_control/control_delay_ms.data,51.21803283691406
34.158,1746018932.958000000,/flightmare_control/control_delay_ms.data,28.205394744873047
34.206,1746018933.006000000,/flightmare_control/control_delay_ms.data,27.886629104614258
34.23,1746018933.030000000,/flightmare_control/control_delay_ms.data,28.229236602783203
34.241,1746018933.041000000,/flightmare_control/control_delay_ms.data,23.289203643798828
34.315,1746018933.115000000,/flightmare_control/control_delay_ms.data,32.5167179107666
34.375,1746018933.175000000,/flightmare_control/control_delay_ms.data,86.2569808959961
34.388,1746018933.188000000,/flightmare_control/control_delay_ms.data,33.644914627075195
34.483,1746018933.283000000,/flightmare_control/control_delay_ms.data,71.05422019958496
34.51,1746018933.310000000,/flightmare_control/control_delay_ms.data,37.889719009399414
34.561,1746018933.361000000,/flightmare_control/control_delay_ms.data,45.06182670593262
34.577,1746018933.377000000,/flightmare_control/control_delay_ms.data,26.30162239074707
34.609,1746018933.409000000,/flightmare_control/control_delay_ms.data,23.107290267944336
34.638,1746018933.438000000,/flightmare_control/control_delay_ms.data,29.60681915283203
34.657,1746018933.457000000,/flightmare_control/control_delay_ms.data,30.440092086791992
34.756,1746018933.556000000,/flightmare_control/control_delay_ms.data,96.02046012878418
34.764,1746018933.564000000,/flightmare_control/control_delay_ms.data,24.19757843017578
34.829,1746018933.629000000,/flightmare_control/control_delay_ms.data,41.62430763244629
34.859,1746018933.659000000,/flightmare_control/control_delay_ms.data,35.53056716918945
34.892,1746018933.692000000,/flightmare_control/control_delay_ms.data,41.0304069519043
34.937,1746018933.737000000,/flightmare_control/control_delay_ms.data,30.497312545776367
34.951,1746018933.751000000,/flightmare_control/control_delay_ms.data,35.825252532958984
35.001,1746018933.801000000,/flightmare_control/control_delay_ms.data,25.902748107910156
35.016,1746018933.816000000,/flightmare_control/control_delay_ms.data,30.332326889038086
35.045,1746018933.845000000,/flightmare_control/control_delay_ms.data,28.75041961669922
35.097,1746018933.897000000,/flightmare_control/control_delay_ms.data,46.480655670166016
35.116,1746018933.916000000,/flightmare_control/control_delay_ms.data,28.42235565185547
35.162,1746018933.962000000,/flightmare_control/control_delay_ms.data,26.758193969726562
35.177,1746018933.977000000,/flightmare_control/control_delay_ms.data,33.26749801635742
35.22,1746018934.020000000,/flightmare_control/control_delay_ms.data,28.197765350341797
35.233,1746018934.033000000,/flightmare_control/control_delay_ms.data,21.856307983398438
35.298,1746018934.098000000,/flightmare_control/control_delay_ms.data,44.44527626037598
35.299,1746018934.099000000,/flightmare_control/control_delay_ms.data,38.11049461364746
35.35,1746018934.150000000,/flightmare_control/control_delay_ms.data,23.84185791015625
35.378,1746018934.178000000,/flightmare_control/control_delay_ms.data,41.04757308959961
35.43,1746018934.230000000,/flightmare_control/control_delay_ms.data,38.2997989654541
35.475,1746018934.275000000,/flightmare_control/control_delay_ms.data,48.890113830566406
35.507,1746018934.307000000,/flightmare_control/control_delay_ms.data,36.841392517089844
35.543,1746018934.343000000,/flightmare_control/control_delay_ms.data,32.54413604736328
35.559,1746018934.359000000,/flightmare_control/control_delay_ms.data,23.020505905151367
35.584,1746018934.384000000,/flightmare_control/control_delay_ms.data,40.081024169921875
35.636,1746018934.436000000,/flightmare_control/control_delay_ms.data,41.86582565307617
35.682,1746018934.482000000,/flightmare_control/control_delay_ms.data,26.489973068237305
35.715,1746018934.515000000,/flightmare_control/control_delay_ms.data,52.7191162109375
35.759,1746018934.559000000,/flightmare_control/control_delay_ms.data,35.274505615234375
35.79,1746018934.590000000,/flightmare_control/control_delay_ms.data,28.62691879272461
35.825,1746018934.625000000,/flightmare_control/control_delay_ms.data,31.461715698242188
35.891,1746018934.691000000,/flightmare_control/control_delay_ms.data,26.73053741455078
35.891,1746018934.691000000,/flightmare_control/control_delay_ms.data,37.793636322021484
35.961,1746018934.761000000,/flightmare_control/control_delay_ms.data,80.79004287719727
35.976,1746018934.776000000,/flightmare_control/control_delay_ms.data,23.60248565673828
36.019,1746018934.819000000,/flightmare_control/control_delay_ms.data,36.644697189331055
36.074,1746018934.874000000,/flightmare_control/control_delay_ms.data,24.42479133605957
36.074,1746018934.874000000,/flightmare_control/control_delay_ms.data,30.14683723449707