time,thrust1,thrust2,thrust3,thrust4
1746279625.6917012,0.029925,0.029925,5.3199999999999985,5.32
1746279625.7650445,2.430339422605812,2.076304635642766,0.029925,0.0622625714164325
1746279625.8409636,0.029925,0.029925,3.7198905422183923,5.043949679470147
1746279625.903581,1.498395311290421,2.054824992819839,5.319999999999988,5.319999999999995
1746279625.9434564,0.029925,0.029925,5.32,5.32
1746279626.0110848,1.5084641218245765,0.960172035226034,5.32,5.32
1746279626.0374668,0.029925,0.029925,5.32,5.32
1746279626.0975742,1.645107922047085,1.3734589767428536,5.32,5.32
1746279626.1694658,0.02992500000000027,0.445121820609701,5.3199999999999985,5.319999999999998
1746279626.2180653,1.705751844073362,0.029925,5.32,5.32
1746279626.3154516,0.06432610391676041,2.4674321581292222,5.32,5.3199999999999985
1746279626.332455,1.6997554876149987,0.029925,5.32,5.32
1746279626.3998818,0.5443634977134104,2.5491917226988003,5.319999999999998,3.6703914798657133
1746279626.4539034,1.082639346370682,0.029925,4.992583602529266,5.32
1746279626.5248008,1.6469697056975443,2.82557103561635,5.32,2.673193843051929
1746279626.5849593,1.5562281461060896,0.029925,4.099996258621551,5.32
1746279626.6565084,2.4134262410724565,3.105892973087935,5.32,1.922929888532951
1746279626.693262,3.5038042589258644,0.5312241363736538,3.152509702161613,5.32
1746279626.76986,4.548856965885867,5.32,5.3199999999999985,1.904035941876915
1746279626.876627,5.32,3.3160141149670816,2.216978193838438,5.32
1746279626.9666505,5.32,5.32,4.174383057834078,1.5731677423252546
1746279627.0046334,5.32,5.32,0.7883717927340214,5.32
1746279627.0542529,5.32,5.32,2.7528837377358832,0.9249631707276924
1746279627.0954397,5.3199999999999985,5.3199999999999985,0.36449702500489567,5.292965907804299
1746279627.1636415,5.32,5.32,2.425648991241568,0.6231034307941208
1746279627.2269084,5.32,5.32,0.14466414580456877,4.098352710236527
1746279627.2870083,5.32,5.32,2.3128310419534235,0.4879467838135428
1746279627.3454807,5.3199999999999985,5.3199999999999985,0.05328284000706158,3.3986885832672717
1746279627.407912,5.32,5.32,2.299921000333851,0.42236788349930493
1746279627.4653597,5.32,5.32,0.029925,2.9703238302981494
1746279627.5186388,5.32,5.32,2.2939903560257786,0.4169328419056322
1746279627.5664394,5.32,5.32,0.029925,2.736241673268216
1746279627.6203592,5.32,5.32,2.2653250489549395,0.46275951992981473
1746279627.6965811,5.32,5.32,0.029925,2.624876662484648
1746279627.7608323,5.32,5.32,2.2687838229920416,0.6283174240618581
1746279627.80993,5.32,5.32,0.029925,2.6514755308546762
1746279627.8644695,5.32,5.32,2.269288418405147,0.8496144495610748
1746279627.919986,5.32,5.32,0.029925,2.6978972366981306
1746279628.0513709,5.32,5.32,2.319568409051661,1.2068629438776244
1746279628.1175897,5.32,5.32,0.045695434626524145,3.0300071352396887
1746279628.185484,5.3199999999999985,5.32,2.3537199238400124,1.6789158268066766
1746279628.2682068,5.3199999999999985,5.3199999999999985,0.19888095310931153,3.6040149429271087
1746279628.3255165,5.32,5.32,2.4375127545879276,2.2427183597457665
1746279628.3828368,5.32,5.32,0.416880191573696,4.427622836144923
1746279628.4491103,5.319999999999995,5.32,2.67239240129215,2.700812445106443
1746279628.5177,5.32,4.944463967841765,0.7648488264535158,5.32
1746279628.5493317,4.966045621664052,5.32,3.0077963985551963,3.240755158836211
1746279628.6124117,5.32,4.330967649495244,1.1678419508921816,5.32
1746279628.6791193,3.6738884665700238,5.32,3.858878315974409,3.951283980809643
1746279628.850418,5.32,3.8425550325411675,1.8721099124891039,5.32
1746279628.9131072,2.3032934567989667,5.32,5.32,5.0039535534872375
1746279628.9692974,4.268007409022567,3.5651415946385385,2.8430841749859304,5.32
1746279629.063343,1.6079332989437036,5.32,5.32,5.32
1746279629.0887492,3.5378589259074733,3.598575879962764,3.375492046631452,5.319999999999996
1746279629.1480823,1.2408025296090037,5.319999999999953,5.319999999999996,5.319999999999998
1746279629.2025516,3.1083387990019564,3.661722940512047,3.8495132274592705,5.32
1746279629.2952678,1.0299541436853774,5.319999999995907,5.32,5.32
1746279629.3367991,2.7235023274658543,3.801929539444817,4.480525985972005,5.32
1746279629.3903112,0.810801457272347,5.216889627147827,5.32,5.32
1746279629.4332392,2.507411972717171,3.9792444395731255,5.041126775833338,5.319999999999994
1746279629.5257213,0.7972353065707031,5.13018878610079,5.32,5.32
1746279629.6001596,2.3596426733617437,4.147193550280119,5.319999999993577,5.319999999999998
1746279629.648493,0.8746246711752266,5.120541434191346,5.3199999999999985,5.319999999999998
1746279629.693953,2.2284519305275325,4.325825316463953,5.32,5.32
1746279629.7507715,0.9516740704370602,5.115538109552971,5.3199999999999985,5.319999999999998
1746279629.7995632,2.173836279837272,4.428435149991882,5.319999999997288,5.319999999999914
1746279629.8747175,1.0941109421810686,5.064787583266375,5.32,5.32
1746279629.9210722,2.167185138024109,4.4894510609610645,5.32,5.32
1746279630.001227,1.258722958128524,4.980922292998619,5.32,5.32
1746279630.0350008,2.203950862615514,4.505330013645044,5.200889752958334,5.32
1746279630.102963,1.4626998022510422,4.8776289300337465,5.32,5.32
1746279630.2077413,2.278392843215315,4.480088354852641,4.8530304488032785,5.32
1746279630.302219,1.8345422410308927,4.743517511247207,5.32,5.32
1746279630.341488,2.5216433886934504,4.34157391442527,4.2010843583548585,5.319999999999998
1746279630.4268935,2.0644436323197035,4.589894724668954,5.248250984142547,5.32
1746279630.459487,2.742740945912276,4.245091282369998,3.7823470144846842,5.319999999999998
1746279630.5162685,2.3338666542953734,4.465882887742926,4.555374837058121,5.32
1746279630.551448,3.017368233393161,4.151874618107108,3.3262224130652163,5.32
1746279630.6552584,2.665554140714568,4.3549798827693875,3.934410925474133,5.32
1746279630.7147803,3.501267758305919,4.085813948464515,2.7937482584628115,5.32
1746279630.7710364,3.2434403616061553,4.202742591777561,3.2510205817501174,5.32
1746279630.865806,3.888135235450687,3.9741038527942427,2.568771566423451,5.32
1746279630.9387877,3.6649172740838316,4.13203440075943,2.918022070156257,5.32
1746279630.9706538,4.251980089230509,3.9244530611523873,2.4016148750356914,5.32
1746279631.054958,4.071001127861476,4.075356099543022,2.6706196186975117,5.32
1746279631.095452,4.5762996725844864,3.899044688164014,2.2878621475241627,5.32
1746279631.1722221,4.424596841295311,4.037945655637661,2.4923920665820423,5.319999999999984
1746279631.2258086,4.827661286474995,3.8992513655690137,2.216574522419884,5.319999999999991
1746279631.2730615,4.692933412786472,4.020436202856351,2.370166642823245,5.32
1746279631.3362527,4.980533347343765,3.9255534107053207,2.180369757202932,5.32
1746279631.442063,4.851049294472575,4.028351847036048,2.2955317318657125,5.32
1746279631.5537827,5.0220521161993785,3.9764806295396284,2.1750898378053627,5.32
1746279631.5819936,4.879217349044324,4.124146265830999,2.2692664124375446,5.32
1746279631.6452968,4.899673373707866,4.084733583643789,2.216775470191668,5.32
1746279631.7112606,4.7443943828587045,4.1780431277511605,2.290388669230738,5.32
1746279631.771486,4.700034423484453,4.1876678662309565,2.28405030455688,5.32
1746279631.836609,4.543733168813562,4.266146025321783,2.3547846499929426,5.32
1746279631.8987129,4.448592897468171,4.30021231651195,2.382795159858552,5.314728854221014
1746279631.9352462,4.293783824693797,4.367837041468374,2.4570804662041543,5.185275377259089
1746279631.9953208,4.172052508205529,4.413376902902941,2.5127375655731314,5.041754942750765
1746279632.036167,4.02483558228733,4.4859392182049405,2.5949307024890147,4.879892049815597
1746279632.066141,3.8969393118214306,4.553076504887764,2.6717019804624917,4.72674453170909
1746279632.1674838,3.7625660720172878,4.635572596650638,2.7639839181987855,4.57383031046567
1746279632.185869,3.641372642831687,4.716844158150691,2.8570335708134547,4.431277256830716
1746279632.2983844,3.4372279464127593,4.8447577644140845,3.032316014249167,4.1903778116172345
1746279632.3227766,3.3011765036749203,4.971506043254906,3.185173862623488,4.049611790503279
1746279632.4660265,3.1501459001050045,5.082713836619244,3.3632262927783487,3.855336551527918
1746279632.5224016,3.0377191052560795,5.199578066619518,3.5358208722660494,3.7448987127275433
1746279632.553947,2.9809982335421075,5.265538506685186,3.642680800546555,3.660769107510154
1746279632.591969,2.910902825413793,5.311744271407753,3.76390626637639,3.5877883517727267
1746279632.6531906,2.8573499188739655,5.3199999999999985,3.872383840964213,3.5203730349420934
1746279632.691811,2.8058056427766576,5.3199999999999985,3.9794720344713514,3.4627492561986006
1746279632.7397676,2.762480145606275,5.319999999999925,4.077241719484579,3.415736953890181
1746279632.8201885,2.724001346841554,5.305931010918391,4.1676788200679935,3.3776951707068705
1746279632.8740237,2.691648730089007,5.262115778146362,4.248465127837469,3.3464140110377483
1746279632.9156013,2.6644182072830027,5.197048206886678,4.3190557088980475,3.3224241293373704
1746279632.9709013,2.6423534426830533,5.113760568085158,4.378325543807615,3.305999328189819
1746279633.018987,2.625159463785488,5.014714502522354,4.425754222528291,3.2969541071984434
1746279633.0655756,2.6127377380185193,4.9022332567439335,4.460903547890291,3.2950876965307674
1746279633.1202884,2.6049502606304897,4.77886165554861,4.483633888771797,3.300102302414178
1746279633.2682211,2.601697563691576,4.64724104009216,4.494022017487038,3.311650885311257
1746279633.3093736,2.6193796419350948,4.383698510380976,4.45647492695512,3.357827928237306
1746279633.3802476,2.6154573608310914,4.220811540967966,4.4542674219485265,3.388834938813065
1746279633.427943,2.6311941440055913,4.078667028345898,4.421158827708231,3.41973758158305
1746279633.502211,2.6481082275761962,3.938956411655395,4.379737648723291,3.4581872660153814
1746279633.5540926,2.669395265355078,3.805725325994917,4.329542908570293,3.498525024646208
1746279633.6415138,2.7291193927504156,3.575251768139398,4.202888516672349,3.5735312842803193
1746279633.6872427,2.75379398593643,3.4432585796224475,4.141332782036541,3.6296768361273486
1746279633.718644,2.7882477317994008,3.338591120562132,4.070032425724257,3.6699887108850113
1746279633.7924163,2.8247894010481684,3.240553692399766,3.9968545867013425,3.7100293920507283
1746279633.855197,2.9073298378113925,3.077417899453155,3.845195747107471,3.7641554001541304
1746279633.9213536,2.9495150974621023,2.9897217505026377,3.7675559548214026,3.807943926682792
1746279633.9864526,2.9928856272939015,2.9226960612147623,3.6921997747712774,3.8294747708263763
1746279634.086747,3.0371556707278944,2.8614201915652826,3.619075353515372,3.844535000462511
1746279634.161446,3.124068416560584,2.763883941808532,3.4820230242909522,3.840564793190684
1746279634.2154078,3.171708131144705,2.7145843850084246,3.412127409024533,3.8431730243796896
1746279634.2580202,3.2137359726105053,2.6783632445627403,3.3500864914137956,3.827308629306913
1746279634.2975838,3.254379322797688,2.6468241863873763,3.2918797607153625,3.803338020327986
1746279634.357785,3.292429003383134,2.6205347150561993,3.238052499067457,3.7713508827200872
1746279634.4137266,3.3276382124241684,2.59901605200928,3.18848644570214,3.732134768251201
1746279634.4766493,3.359662903743765,2.5819673628338062,3.1431793611889853,3.6863251864374673
1746279634.5549202,3.388238506118283,2.569067443765549,3.102076875747048,3.6346779363694384
1746279634.6085422,3.4131461433885413,2.56001075704328,3.065103697020974,3.578007929024709
1746279634.686163,3.434222628354299,2.55449757705484,3.0321619974130978,3.5171725234871287
1746279634.7303383,3.4513617142381268,2.5522325703543816,3.0031383122320503,3.4530434979939177
1746279634.7915814,3.4645130370176362,2.552920145811,2.9779027280996417,3.3864813844880977
1746279634.872399,3.473679736387312,2.5562657253726697,2.956315837431373,3.318313032176797
1746279634.9182696,3.478915814140639,2.5619722344539895,2.9382268962707503,3.2493148979286692
1746279634.9490302,3.4803245721238514,2.5697399384430306,2.9234779218055755,3.1801993404701006
1746279635.0166893,3.478052096635676,2.579266909351786,2.9119030002940227,3.111605031107941
1746279635.0662186,3.4722845048802347,2.590249983555726,2.9033308783526817,3.0440926771161783
1746279635.1143422,3.4632387071315853,2.6023847690654853,2.8975852591090963,2.9781418773341293
1746279635.1762884,3.4511604591658718,2.615369038695662,2.894485283562735,2.9141532231232103
1746279635.2303758,3.4363167303385413,2.628904077979504,2.893845659584515,2.8524508698486066
1746279635.311087,3.4189908654298837,2.6426963233001644,2.8954777599395696,2.793290253809764
1746279635.3540156,3.399476043542127,2.656460681366066,2.899188336710809,2.7368611630200705
1746279635.4023933,3.378071414755091,2.669925016875206,2.904783318295092,2.6832977320160816
1746279635.4686947,3.355078060146093,2.6828306501576358,2.9120650669759662,2.632685312610509
1746279635.5083473,3.330793036643545,2.6949365937887215,2.9208343072070866,2.5850664798299285
1746279635.5611682,3.305503618690574,2.706021370416615,2.9308901689379447,2.5404454806749945
1746279635.6260347,3.2794912421811717,2.7158857427193808,2.9420320881454907,2.498802640977045
1746279635.6442266,3.2530205168696447,2.7243556690279744,2.954058657482194,2.4600890661173413
1746279635.6973727,3.226343152617505,2.731281671401911,2.9667711486426946,2.42424108560528
1746279635.7816465,3.19969157837524,2.736542756297631,2.979972947941254,2.391176751109691
1746279635.8277948,3.17328472212491,2.7400445741937225,2.993469552707614,2.3608066348576098
1746279635.871933,3.1473195989956086,2.7417219209109445,3.007072119699783,2.333029887270555
1746279635.9383168,3.121972163846221,2.741536773173061,3.0205994908467004,2.3077401427600823
1746279635.9869359,3.097403544470842,2.7394768149005326,3.0338765186251195,2.28482955570198
1746279636.0359356,3.0737541195152995,2.7355565194614946,3.0467375278408166,2.2641857866070216
1746279636.108967,3.0511452412689555,2.729812137664747,3.059026686705385,2.2456962503765947
1746279636.1498995,3.0296816797865413,2.7223042199475582,3.0706002742496503,2.229247667034751
1746279636.2059858,3.0094509427112452,2.7131110697118,3.081326935762956,2.214727169072803
1746279636.267466,2.9905233912972076,2.7023286929325105,3.0910903853877763,2.202023349167006
1746279636.3267047,2.972954691304618,2.690065064805342,3.0997873314706115,2.1910256099448886
1746279636.3754315,2.956787725365695,2.676441274882624,3.1073299987224456,2.181625688790789
1746279636.4251182,2.942050102192675,2.661585934049575,3.1136464774607684,2.1737161752453735
1746279636.4815311,2.9287576431359374,2.6456337964658054,3.1186809070052717,2.167192300882275
1746279636.5612316,2.9169154782678812,2.628723362325617,3.1223943007688963,2.161951340458647
1746279636.601324,2.9065182847117836,2.610992218383611,3.1247612490372365,2.157893416783138
1746279636.6523762,2.897550957372496,2.5925800126920824,3.1257737715787624,2.1549193150053236
1746279636.716834,2.8899893929193587,2.5736193775709255,3.1254364405564883,2.1529345409201524
1746279636.774314,2.883800292143377,2.5542425866741274,3.1237708491718026,2.1518449125057533
1746279636.8264122,2.8789452858880056,2.5345718755224875,3.1208078399665147,2.1515606846197004
1746279636.8856905,2.875378728259886,2.514726067746281,3.1165922108328354,2.15199381488062
1746279636.9361057,2.8730483420657684,2.494812891273365,3.1111780266445703,2.1530606834794392
1746279636.9967,2.8718982143387213,2.4749333924022126,3.104627790505617,2.1546793570925287
1746279637.0479705,2.871867042604011,2.455179773861478,3.09701310604961,2.1567725950246763
1746279637.0949316,2.872885848016257,2.4356365011323455,3.0884132042041093,2.159263650861616
1746279637.1485326,2.8748851746102924,2.416376463156665,3.0789111801783946,2.162083419332787
1746279637.2101028,2.87779530053405,2.397463872973697,3.0685919295592337,2.1651667130532743
1746279637.2853985,2.8815400237696176,2.3789577735442498,3.0575459767867113,2.168448863591564
1746279637.3245134,2.886042019805671,2.360905533578391,3.0458634306961265,2.171871851182723
1746279637.3659966,2.891221555443839,2.343348760669419,3.033636733999028,2.1753813016051353
1746279637.4364102,2.8970000947059287,2.326318769348408,3.020954388705665,2.178928833113894
1746279637.4926126,2.903296896838899,2.3098442202414633,3.0079062846528704,2.1824678710313874
1746279637.5483708,2.910029792311136,2.293945283361309,2.9945793630787816,2.1859567867838323
1746279637.6040425,2.917120408076832,2.2786355020696387,2.9810569051699347,2.189361869887318
1746279637.6534932,2.924488266519226,2.2639246908704878,2.9674190330032983,2.1926499448789714
1746279637.7033637,2.932055684406969,2.249815570787565,2.953741749028972,2.1957956018228635
1746279637.750377,2.93974621597178,2.2363095837484304,2.9400967221583025,2.198774891719234
1746279637.82155,2.9474866976640715,2.223402784593729,2.926551967796392,2.2015710104197086
1746279637.863366,2.955204501620633,2.2110877847727544,2.913170085357899,2.20416946835651
1746279637.935527,2.962829933816057,2.199355649840542,2.9000096954563435,2.20655874284713
1746279637.9736185,2.9702992455636146,2.188191795850213,2.8871231539963795,2.208735050102871
1746279638.0353265,2.977549753370529,2.177582867551368,2.874558529546275,2.21069314671745
1746279638.1034136,2.9845225912117193,2.1675121446253276,2.86236026474559,2.212434211201505
1746279638.1664708,2.9911645752511857,2.157961446416249,2.8505665240090208,2.2139612366656998
1746279638.229244,2.9974256904540444,2.1489113930960264,2.8392120968307704,2.2152805165024794
1746279638.260024,3.0032624134556034,2.140341072152255,2.8283264595256803,2.2164013899343487
1746279638.3442175,3.008634071770125,2.132229491876745,2.8179347234504273,2.217333550412192
1746279638.3690352,3.0135039728378397,2.1245574242698244,2.808059700350446,2.2180869565076167
1746279638.4280903,3.0178402095224337,2.1173019097690524,2.7987207716896845,2.2186769002307907
1746279638.4800787,3.021615184375963,2.110443510850959,2.789932101912981,2.2191144781697476
1746279638.538032,3.0248074666529488,2.103958985000929,2.781705396466652,2.2194174231445616
1746279638.6119938,3.027400589662904,2.0978293621734805,2.7740478432705364,2.2195993370882814
1746279638.6552634,3.029381231711916,2.0920332264650305,2.7669654589397816,2.2196766379915824
1746279638.7065666,3.0307406582693868,2.0865520946130665,2.7604602500248734,2.2196635582576025
1746279638.7665567,3.031474896535564,2.0813662467830754,2.754532377672133,2.219576709537763
1746279638.8578718,3.0315835211495274,2.0764584201167358,2.749178985825991,2.2194298622600903
1746279638.8989718,3.0310684089149698,2.071812796206827,2.744396521840159,2.219235888739198
1746279638.948047,3.029937054830659,2.0674127979473544,2.740177642153023,2.219008490814939
1746279638.997481,3.0281991397316883,2.0632449680262566,2.7365144864990665,2.218759317585604
1746279639.0568242,3.0258684750267473,2.0592939691762138,2.733395305365534,2.2185001920743956
1746279639.112261,3.0229599778228287,2.055550265531736,2.730809592172272,2.218238725609954
1746279639.1634204,3.019492083670213,2.052000457994021,2.728743400159643,2.2179857728238925
1746279639.211436,3.0154846206844996,2.048637880182054,2.727182243212746,2.2177454034276622
1746279639.2690132,3.010959492924144,2.045451743193782,2.7261100711668,2.2175251985247773
1746279639.3280036,3.005941233212804,2.042436468215486,2.725509930116888,2.217328830213353
1746279639.3934152,3.000456084055609,2.039585024039178,2.7253639185196814,2.2171609730353787
1746279639.456775,2.9945307988580785,2.036893023305367,2.7256516080402835,2.2170224081793433
1746279639.5310113,2.988191346631724,2.034358613220793,2.7263546855905796,2.2169114939927637
1746279639.5579739,2.9814660037068266,2.0319777748161245,2.727452934407136,2.2168295286998125
1746279639.6136413,2.9743833218355498,2.029749057525506,2.7289240831922745,2.216773574529981
1746279639.6641715,2.966973028244355,2.0276727854984578,2.730747702015457,2.216741388929464
1746279639.7277138,2.9592643134549124,2.025747426791053,2.732900404794217,2.2167296550365383
1746279639.7979898,2.9512863379170695,2.0239771415961796,2.7353604430756295,2.2167311042167688
1746279639.8411863,2.9430669059635726,2.022362059569044,2.73810465403084,2.216740391913754
1746279639.8964715,2.9346339080886,2.0209069015955166,2.7411111607558816,2.2167497215544225
1746279639.9673367,2.9260179065851823,2.019612652448425,2.7443554494389155,2.2167545482829385
1746279640.019157,2.9172457543181314,2.018484156592363,2.747814108804506,2.2167451550099413
1746279640.0662122,2.908344599803398,2.017525235810589,2.751463070718135,2.216713551113966
1746279640.1204016,2.8993419922392585,2.0167405439694925,2.755279373838292,2.2166518192657194
1746279640.1821988,2.890261665393954,2.016136248757038,2.7592396215976995,2.216548028451011
1746279640.2213533,2.881130087263924,2.0157145096492,2.763319838919818,2.2163966857342565
1746279640.2867959,2.8719711328622535,2.0154823696565143,2.7674961877599453,2.2161862896592748
1746279640.3443131,2.862808558069647,2.01544460156399,2.771746180760156,2.215908785008389
1746279640.416764,2.8536638012334037,2.0156073474743774,2.7760471754693867,2.2155538294173254
1746279640.4526982,2.844559057142219,2.015975498681573,2.780376797081437,2.2151129849139997
1746279640.5221262,2.835514922693832,2.0165524325162107,2.7847120755303814,2.2145791018272742
1746279640.5773525,2.826551886108762,2.017344643163702,2.7890311474097813,2.2139428764534346
1746279640.642704,2.8176888107808535,2.0183543227575864,2.7933120345206914,2.2131986366558167
1746279640.6912336,2.808944575142822,2.0195869989405635,2.7975333862977463,2.21233879884051
1746279640.745533,2.8003351622825936,2.021046202117904,2.801674554526496,2.211355799369564
1746279640.7900903,2.791876957742398,2.0227357617046944,2.805716133282536,2.2102442144595065
1746279640.8584168,2.783585568577968,2.0246586438899183,2.8096386519109795,2.208999412930077
1746279640.906894,2.775474814954404,2.0268162588041037,2.813422784089618,2.2076170065326264
1746279640.9697914,2.7675604432142054,2.0292087301248554,2.817049264553171,2.2060971847008335
1746279641.0204613,2.759856329011367,2.0318365700153556,2.8204990996936066,2.204437752762249
1746279641.0811672,2.752374073970777,2.0347013133795073,2.8237551553169724,2.2026359877437565
1746279641.1250417,2.745124606994042,2.037803589410726,2.8268023077993707,2.2006910616253776
1746279641.1867986,2.7381187656878625,2.0411409226572768,2.829624859485476,2.198605300184909
1746279641.2612593,2.7313676175621313,2.0447105823042833,2.832206742774031,2.19638188164931
1746279641.3083956,2.724880635165626,2.04851060393062,2.8345339675809917,2.1940231246180706
1746279641.3707192,2.7186663581966317,2.0525354030147454,2.8365924109945584,2.1915344367631504
1746279641.4182165,2.712732795970281,2.0567824164238946,2.8383702021573836,2.188919915392307
1746279641.515046,2.7070871059133093,2.061244308774145,2.8398554657592094,2.1861876662595994
1746279641.5436842,2.7017354890167127,2.065917103195804,2.841037998882789,2.183342276536771
1746279641.5902214,2.696683717187673,2.0707917473915405,2.8419083373071716,2.1803943297761443
1746279641.6515787,2.691937763117049,2.0758594935394874,2.842456762267731,2.177353745609055
1746279641.7109797,2.687500886124328,2.081112920941266,2.8426759924224805,2.1742277858964476
1746279641.7679129,2.6833768856084874,2.08654156068798,2.842560725669946,2.1710294954516907
1746279641.8296404,2.679568341639738,2.0921354061762556,2.8421055256072423,2.1677692701746647
1746279641.90794,2.6760772034727855,2.097881408374582,2.8413059581533013,2.164460458443376
1746279641.9503562,2.6729053468436015,2.103768726874549,2.840159576090347,2.1611155909598514
1746279642.0287552,2.6700523216795973,2.109783066276249,2.8386643441759127,2.1577478069838016
1746279642.0873945,2.667518298491588,2.115911732939011,2.836820654977292,2.1543708664622025
1746279642.123726,2.665302268331448,2.1221375564494194,2.8346286447424145,2.1510014494643017
1746279642.1659925,2.6634022298177706,2.1284481029926168,2.8320902813605264,2.147651025461567
1746279642.2085958,2.6618143702802977,2.134826764096525,2.829210403034166,2.1443351596174307
1746279642.2751555,2.660535498040614,2.1412567172416845,2.8259928133420695,2.1410692922199694
1746279642.3166425,2.659561761263307,2.147720937530057,2.8224437582310875,2.1378691429790573
1746279642.3766344,2.658886999391201,2.1542022315688576,2.818569841546834,2.134748634924872
1746279642.4282067,2.6585048347791114,2.160683717252658,2.81438068066342,2.131722600439166
1746279642.4695716,2.6584090912345615,2.1671449091468413,2.809884772727617,2.128808316670376
1746279642.5124946,2.65859140109174,2.173570464812504,2.805092633530598,2.12601710635458
1746279642.5727189,2.659042322397116,2.1799418458614657,2.800017694721084,2.123364447402179
1746279642.6331887,2.6597533707054666,2.186238350143039,2.7946716692121116,2.120866661621662
1746279642.6865072,2.6607140477907643,2.192443877939284,2.789068405431686,2.1185352478573645
1746279642.7353165,2.661911895267376,2.19853954886654,2.783222761469904,2.1163833279228763
1746279642.7761736,2.6633356878517125,2.2045069716368118,2.777150593442948,2.1144250970050398
1746279642.8380275,2.664972396625515,2.2103309940676885,2.770868697730629,2.112670416269543
1746279642.8962317,2.666808085329742,2.2159926200998714,2.764394445352799,2.1111330195089257
1746279642.9704647,2.668828843553753,2.2214757318741074,2.757745335112787,2.109823427464653
1746279643.0228043,2.6710191042886655,2.2267649667535165,2.7509402300861017,2.1087515925787774
1746279643.056846,2.6733634794217767,2.231844777514561,2.743997804468984,2.107927602883023
1746279643.1207,2.6758454231816673,2.236701753557529,2.736937485935667,2.1073596105189156
1746279643.1921687,2.6784474235632905,2.2413233827299193,2.7297796008877695,2.107054956343977
1746279643.24622,2.6811520711318595,2.2456963073783895,2.722543878526531,2.1070221722271505
1746279643.283211,2.683941220240805,2.249810646013242,2.7152505581577686,2.1072665122797383
1746279643.3539557,2.6867957504104814,2.2536565586058552,2.707920450133955,2.107793563617496
1746279643.4090545,2.689697293836167,2.2572247388379427,2.7005732926063537,2.1086086587585275
1746279643.4800699,2.6926262296834653,2.260509617031871,2.693229456352168,2.1097140253554767
1746279643.5305092,2.69556303856164,2.2635034342758513,2.685909058565772,2.1111141217727534
1746279643.5900984,2.698487579781326,2.266204699863879,2.67863222326376,2.1128080259037256
1746279643.6525838,2.701380601375167,2.268605879521281,2.6714177070894056,2.1148011869997387
1746279643.7157898,2.7042225814985876,2.2707102075142336,2.66428485846691,2.117089200718684
1746279643.7651684,2.7069929684431076,2.272516457311254,2.657252994309541,2.119672336668653
1746279643.8362625,2.7096728748549106,2.2740239239102,2.650338969806113,2.1225500671531825
1746279643.8907351,2.7122420811529167,2.275239349305949,2.643560938928739,2.1257157918018867
1746279643.9404833,2.7146818042586225,2.276163178095296,2.6369353360882295,2.1291693808117738
1746279643.9966242,2.7169737753728618,2.2768045194449478,2.6304785408411937,2.1329029934950348
1746279644.055282,2.7190994967777184,2.2771702144693817,2.6242062621937143,2.136911043666916
1746279644.124598,2.7210413225672974,2.2772685824842935,2.618132543356191,2.141186408047421
1746279644.1673303,2.722782436614706,2.277109602524269,2.612271031243571,2.1457211099173406
1746279644.2470856,2.724307841121338,2.2767039474759616,2.606634633699601,2.150507512079928
1746279644.2884107,2.7256021468543614,2.276065081250968,2.6012350686373926,2.1555340601847517
1746279644.3401995,2.726651083414772,2.275205698998361,2.5960833138702606,2.160790741928766
1746279644.3841295,2.72744204258527,2.274139411279267,2.5911884206805995,2.1662659316534634
1746279644.4480643,2.727963382387876,2.2728838412739854,2.586560001169873,2.1719457721998023
1746279644.514589,2.7282048637422283,2.271452413969597,2.5822055739607963,2.177819297687108
1746279644.5576372,2.728156299049992,2.2698646811219443,2.5781315750653966,2.1838687461101762
1746279644.6153607,2.7278105146262503,2.2681361791943364,2.574343874539059,2.1900818851505535
1746279644.672751,2.7271602460352526,2.2662869097722784,2.5708477653811483,2.196440901536378
1746279644.7268424,2.7262011943925235,2.2643339513101446,2.5676454395607986,2.2029300159062903
1746279644.7859433,2.724929296985564,2.2622963874874924,2.5647401110295043,2.209532323570562
1746279644.8316336,2.723342822458991,2.2601929676182135,2.562132154960299,2.21622982008307
1746279644.8984406,2.72144081164475,2.2580430512560556,2.55982267918815,2.223004407147583
1746279644.9443667,2.7192243365207007,2.2558646923456025,2.5578103865877444,2.2298385966129097
1746279645.0115125,2.716695241706568,2.2536776672476266,2.55609290300481,2.236711580695486
1746279645.059718,2.7138583390914834,2.2514992483241274,2.554667351419326,2.243606535476782
1746279645.1228135,2.7107195386606215,2.2493484264549113,2.5535289047863152,2.2505037039360634
1746279645.1633556,2.7072839196609455,2.2472451590015674,2.552673196583092,2.2573808321192375
1746279645.2523756,2.70356099854192,2.2452044558285427,2.5520936464084203,2.26422212749557
1746279645.2845206,2.6995599385238482,2.243244818102036,2.551782903909175,2.2710065108020645
1746279645.3359191,2.695292309566382,2.2413809575398123,2.5517319588215575,2.2777166290093236
1746279645.3885822,2.690769637714808,2.2396300223964047,2.5519316863452404,2.2843320287457334
1746279645.4421852,2.6860036147867064,2.2380095230843406,2.552373288860931,2.2908322590416965
1746279645.4909794,2.6810100642844596,2.236531196186593,2.5530454503559037,2.297202771640369
1746279645.5513666,2.6758034788847596,2.235210746108087,2.553935916581963,2.3034234268440965
1746279645.6031623,2.6703993934051007,2.2340586662462956,2.555032484308807,2.3094798585992504
1746279645.6730394,2.664814959637101,2.23308718148307,2.556320452229709,2.3153549679046406
1746279645.728669,2.659067878256356,2.232308302593379,2.5577865360985594,2.3210337641399152
1746279645.7876158,2.653176099386702,2.2317312243198275,2.559415474916899,2.326502659485159
1746279645.8530612,2.6471574754282585,2.2313651866860513,2.5611926659738415,2.3317484661538503
1746279645.914348,2.641031077330703,2.2312184660892607,2.5631014306777256,2.336758721316907
1746279645.9713318,2.6348158811540277,2.2312983429926145,2.56512570910354,2.3415225047512154
1746279646.0361676,2.6285310357705813,2.2316111218336663,2.5672493464027992,2.3460306451186472
1746279646.0681603,2.6221956326795093,2.2321614195091315,2.569454341123168,2.3502744396273814
1746279646.1192372,2.615828196884605,2.2329535759769055,2.5717240890561857,2.3542468139875052
1746279646.1758218,2.6094481893766712,2.2339902588926295,2.5740407640308054,2.3579425712025186
1746279646.2342699,2.603074139633871,2.235273903443859,2.5763865977607545,2.3613566581197665
1746279646.2835712,2.5967249152573966,2.2368055961626645,2.5787435956581444,2.3644861791455507
1746279646.335006,2.5904178349655305,2.2385855708915123,2.5810950080905033,2.367329668122016
1746279646.3947985,2.5841706558639936,2.2406118442405254,2.583423167527101,2.369888254095091
1746279646.4128125,2.578000852658127,2.2428828671263354,2.5857101812138272,2.372162218616293
1746279646.480131,2.5719243228811033,2.245396002656439,2.587939034066636,2.3741537582155714
1746279646.5199387,2.565956789186051,2.2481471828800035,2.59009380554739,2.375867624505372
1746279646.5511224,2.560113027841143,2.2511314316812445,2.5921582472719553,2.377308872184687
1746279646.5960503,2.554407081421216,2.254343449743195,2.594117139436641,2.378483657273702
1746279646.653624,2.5488524707050395,2.2577756722269653,2.5959543586761233,2.3793999427571486
1746279646.7165332,2.543461967184784,2.2614212500782678,2.597656619405694,2.3800670065216134
1746279646.7672963,2.538247072178342,2.2652718784839387,2.599210698264417,2.3804949201330032
1746279646.823378,2.5332181814376806,2.2693180638978316,2.6006032074549177,2.3806942272347853
1746279646.8828385,2.5283849636123623,2.27355016635168,2.60182278559946,2.380676441126479
1746279646.9327598,2.52375588013725,2.2779578505234754,2.6028588720069568,2.3804542953468686
1746279647.0029643,2.5193385561065957,2.2825292284738286,2.6037006355357963,2.380040273654059
1746279647.0373945,2.515140407172038,2.2872518667575097,2.604339701451568,2.379450187166966
1746279647.090973,2.511167440490397,2.2921138944623074,2.6047689865691974,2.3786985169254344
1746279647.160266,2.5074241056512916,2.2971027405622753,2.604981340195839,2.3777991312598177
1746279647.205931,2.5039139878753662,2.302204455052656,2.6049718176806618,2.3767679652648472
1746279647.2717896,2.5006401441137784,2.3074045391580933,2.604735601459831,2.3756209542103814
1746279647.3221757,2.4976044461407807,2.312690050588771,2.6042703395114017,2.374373218055549
1746279647.3834512,2.494807870410929,2.318044921517724,2.603573790406759,2.373041784454357
1746279647.438899,2.4922503772519655,2.3234548333563976,2.6026453841793007,2.3716423064817596
1746279647.4935303,2.4899306660337195,2.3289053899438295,2.601485608166238,2.370189711099956
1746279647.5486648,2.487847187343189,2.3343806956091844,2.600095989228583,2.368700627826434
1746279647.59933,2.4859972635247387,2.3398658826378216,2.5984793509743183,2.367190495156276
1746279647.6757278,2.484377432176628,2.345346062304301,2.5966396067767388,2.3656744198481308
1746279647.7182715,2.4829829985086445,2.3508060054311017,2.594581653834626,2.364167050955827
1746279647.7962062,2.4818087520689427,2.35623100683275,2.592311478903991,2.3626828324165454
1746279647.8303177,2.480848790646008,2.3616065188294666,2.5898361363336466,2.361235675562129
1746279647.9068573,2.4800965076443835,2.3669176088533543,2.587162909263875,2.3598392467498535
1746279647.9411862,2.4795444484071574,2.3721509906692746,2.58430065893102,2.358505860094
1746279648.0034359,2.479184840399308,2.377292677625952,2.5812588437357316,2.3572482036895748
1746279648.0906045,2.4790089768207255,2.382330309411181,2.5780477884720727,2.356077226703736
1746279648.152549,2.4793975915151014,2.392385742837842,2.570949602710997,2.353699064990788
1746279648.1962934,2.479568230542309,2.396922193202172,2.5673927809113843,2.353008605531123
1746279648.2764041,2.480062054957949,2.4014919758907514,2.5635734194586526,2.352231314477492
1746279648.2939801,2.4806823492719206,2.4059010937161993,2.559652054687787,2.3515890640747683
1746279648.348129,2.4814198121611675,2.410131617531095,2.5556386504769035,2.351093848907343
1746279648.4135165,2.4822638412035607,2.414175927050688,2.551546156344211,2.35075276602714
1746279648.4680123,2.4832029852526882,2.4180282644755957,2.5473873031765253,2.3505701251001136
1746279648.5084393,2.484225438301693,2.421682945436872,2.5431746111475753,2.350549738319718
1746279648.5699494,2.4853191781008563,2.4251360034254104,2.5389212158865444,2.3506942140920977
1746279648.6329896,2.4864724810814427,2.428383229197495,2.534639349597146,2.351006165258608
1746279648.667377,2.487673800026085,2.4314223341115433,2.530342066404294,2.3514871887765736
1746279648.7198782,2.4889112006462644,2.4342511140273064,2.526041471779226,2.352138162593424
1746279648.7701106,2.4901729965178845,2.436869230363179,2.5217497628432346,2.3529588260476046
1746279648.8302238,2.491447719093398,2.439275479878842,2.51747898933165,2.3539497076225016
1746279648.8900998,2.4927230416031754,2.4414753302161363,2.513241709897365,2.355104969113269
1746279648.9627826,2.4939885110343365,2.4434659948874944,2.5090481481385236,2.3564266320189255
1746279648.9908206,2.4952331387494637,2.445251507501424,2.5049085917769256,2.3579103076000436
1746279649.052026,2.496446348102194,2.446835933432074,2.500834071921751,2.359552537258782
1746279649.093218,2.4976180949192974,2.448224100368901,2.4968344053211458,2.3613488116131465
1746279649.145396,2.4987386764511172,2.4494204194503517,2.4929190057004393,2.3632950903695864
1746279649.1959462,2.4997992363787267,2.450430201416991,2.4890956628716228,2.365386380073296
1746279649.2628076,2.5007901781355435,2.451261740785797,2.48537334542337,2.367615169491136
1746279649.3121965,2.5017039784496156,2.4519207951625366,2.4817590986912723,2.3699764593929014
1746279649.365382,2.5025327733525726,2.4524148106673844,2.478260032380633,2.372463769417162
1746279649.434578,2.503269228179707,2.4527528947253323,2.4748821820418567,2.3750686338825653
1746279649.497801,2.503907374166459,2.452943942114438,2.471631429618322,2.3777835880290015
1746279649.557702,2.504441436283123,2.452996061683404,2.4685125915528823,2.380601778503664
1746279649.6014764,2.5048659976296306,2.4529196525226302,2.46553005270395,2.383513241560143
1746279649.6801972,2.5051767127993445,2.452723452862886,2.462686758246502,2.38651005618212
1746279649.7175295,2.5053698132846973,2.4524178596169453,2.4599864402452956,2.3895833051699746
1746279649.7719166,2.505442468912642,2.4520137473232086,2.4574316102849556,2.392723833560934
1746279649.8511236,2.5053917426620376,2.451519909228263,2.455023242405918,2.3959222405733
1746279649.8879998,2.50521649988452,2.450947785701429,2.452762841311731,2.399169139001861
1746279649.9432697,2.5049156511885116,2.4503070073877504,2.4506511309225147,2.4024556952982845
1746279649.9961832,2.5044885640537577,2.4496068296450555,2.4486874487354737,2.4057723824833523
1746279650.0569475,2.5039361675575584,2.44885904145741,2.446871912238586,2.40910974637784
1746279650.1108885,2.5032589058580417,2.4480712593003537,2.4452019468216877,2.412458690548004
1746279650.1704626,2.5024583807861833,2.447255926697517,2.443677205725466,2.4158088502493493
1746279650.247614,2.50153576564873,2.4464228859117902,2.442295481032321,2.419149780474347
1746279650.2904673,2.5004957745643437,2.445577185929474,2.4410527475246315,2.422477145785992
1746279650.3520794,2.499340757136367,2.4447310374598343,2.439946658956337,2.425779008175534
1746279650.399318,2.4980735813492294,2.4438924197782326,2.4389734229656312,2.4290466059392006
1746279650.466842,2.4966994607234763,2.4430701079139303,2.43812924422021,2.432272053052877
1746279650.5250876,2.495223643728891,2.442270920564876,2.437409183162146,2.4354485222279947
1746279650.5775206,2.493649661244747,2.4415027073027704,2.436808909873307,2.438567125105141
1746279650.6372142,2.491983671924444,2.4407714735139203,2.436322721293792,2.441621625592141
1746279650.6935966,2.4902310020418086,2.4400861520568062,2.4359462403990575,2.4446032581958264
1746279650.7562342,2.488399312422276,2.4394513931321398,2.4356731563099197,2.44750819933817
1746279650.815247,2.4864941564409317,2.4388720139265945,2.4354969193735405,2.4503297878324637
1746279650.8838043,2.4845211824304414,2.438353925118339,2.4354124937333683,2.4530615852876143
1746279650.925351,2.4824870822024603,2.437901860296947,2.435413434842116,2.4556987050558456
1746279650.9845812,2.480399216706482,2.437518862183196,2.4354928840814205,2.4582376957652667
1746279651.0492296,2.4782643961220168,2.437209565487821,2.4356445290688407,2.460673466465637
1746279651.0942087,2.4760889654746125,2.436976845657969,2.435862306997459,2.463002868692051
1746279651.1507976,2.4738799520548698,2.436824376335774,2.436139685295708,2.4652217929199463
1746279651.2063603,2.471644825027066,2.4367531513420997,2.4364694961041122,2.4673289769846423
1746279651.26618,2.4693908905585253,2.436763559766006,2.4368448025556964,2.469323738149666
1746279651.3248851,2.4671244930953495,2.436857608592785,2.4372594402862577,2.4712038882777985
1746279651.3967159,2.464852253343908,2.437036943402512,2.4377070176946303,2.472967628376988
1746279651.4382746,2.4625807361550214,2.4373002702012196,2.4381812082929692,2.474616056259323
1746279651.514281,2.4603165964698492,2.437648456734601,2.4386753677108945,2.476148272267999
1746279651.5441065,2.458065102357693,2.43808118932634,2.439183893014065,2.477564028560183
1746279651.6159372,2.4558319432422464,2.438596607448892,2.4397000805307605,2.4788642177088493
1746279651.664029,2.4536243942445832,2.439192582999961,2.4402181960917724,2.480052524427411
1746279651.7235007,2.45144683167469,2.4398700553060837,2.440733805945808,2.4811281714911178
1746279651.773906,2.449305455752026,2.4406241719539636,2.4412406442922885,2.4820961023172754
1746279651.827404,2.44720476471655,2.4414541552712845,2.441734023988033,2.48295740852896
1746279651.8553126,2.445148082271794,2.442356676869409,2.4422083617635164,2.483713658894557
1746279651.9212484,2.4431412572717703,2.4433284174715744,2.442659806153077,2.4843703323419053
1746279651.9808567,2.4411884089335216,2.4443654094881144,2.443083810009856,2.4849319532084153
1746279652.0414948,2.439292764702345,2.4454660178504537,2.443477045684165,2.4854003743036404
1746279652.086065,2.4374566171593286,2.4466246150961135,2.4438348508801218,2.4857796774277814
1746279652.1442983,2.4356843374317427,2.4478386328281463,2.444154636657745,2.486074817068491
1746279652.210155,2.433978224751504,2.4491032890500657,2.4444338749917733,2.486290937954074
1746279652.2673817,2.4323397786488075,2.450414300770194,2.4446691632610698,2.4864313451757054
1746279652.3266025,2.4307719298854327,2.4517673497203916,2.4448583354580515,2.486501707716225
1746279652.3919609,2.4292766956135914,2.4531583697868338,2.444999497859327,2.4865071744639726
1746279652.421762,2.427854132029135,2.454582371194587,2.4450909084540466,2.48645155331116
1746279652.4839525,2.426506126194546,2.4560347107443583,2.445131328254843,2.4863409417786606
1746279652.5384183,2.425233771891859,2.457510965731194,2.445119892516217,2.486180782054675
1746279652.58732,2.424036196732619,2.4590064822629145,2.4450557521642122,2.485974516176302
1746279652.6479437,2.422914337361655,2.4605164097364027,2.4449387376729135,2.485728392736094
1746279652.6917913,2.421868558900264,2.4620363455328027,2.4447686476265678,2.485447741290569
1746279652.7708604,2.420896627514923,2.4635612954924504,2.444545640481015,2.4851358176799265
1746279652.7982283,2.41999917552277,2.4650876808598285,2.4442708549853562,2.484798636877743
1746279652.8343823,2.4191750506343928,2.4666104094318744,2.443944264935355,2.4844405510134715
1746279652.8881657,2.4184228524230895,2.468124662961901,2.4435671025113237,2.484066570981867
1746279652.953523,2.417741252209417,2.469628071171504,2.4431415537802623,2.4836803547856454
1746279653.0105617,2.4171285449813964,2.4711143968795852,2.4426671408286915,2.4832864726299055
1746279653.0633895,2.416583199319406,2.4725819173255275,2.442147312174667,2.482888878593177
1746279653.134381,2.4161031208978856,2.4740255861864977,2.441583005119865,2.482491845491922
1746279653.1871407,2.4156858507822427,2.4754417970957836,2.440976701133713,2.482099061325992
1746279653.2492564,2.415329321530053,2.476828452336196,2.4403313161929083,2.481713915680127
1746279653.3133864,2.4150305344732677,2.4781810190242846,2.4396478719907417,2.4813389605469793
1746279653.3661506,2.414787685842034,2.4794976457055657,2.4389300149275486,2.480978241573897
1746279653.406106,2.4145974375610564,2.4807751614121045,2.438180070863951,2.48063403477445
1746279653.4542067,2.414457103303829,2.4820106879128687,2.4374006089277898,2.480309417999814
1746279653.5325563,2.4143641880456883,2.4832030092315143,2.4365952093897136,2.4800066239787957
1746279653.613888,2.414314759786178,2.4843492681653827,2.435765599398139,2.4797267241764454
1746279653.6772976,2.4143072304168496,2.485447668271811,2.4349153012551885,2.4794735870259075
1746279653.726979,2.4143375323863636,2.486496535696258,2.4340468328817155,2.4792474688853985
1746279653.7597878,2.4144030986427767,2.4874951181979714,2.4331637506550057,2.479050205528064
1746279653.8334846,2.414501580014048,2.4884416021367133,2.4322682613716884,2.4788838078813535
1746279653.8818069,2.414628457554022,2.4893360771361044,2.4313638786451053,2.4787471858470953
1746279653.9388638,2.41478206894965,2.4901772890564513,2.430453598215815,2.4786433226729168
1746279653.9660022,2.4149587554650447,2.4909633864364857,2.4295390302105893,2.478572099301001
1746279654.0680015,2.415363892949463,2.4923735414534223,2.4277180579324784,2.4785280091828517
1746279654.0928128,2.4156116396894025,2.4930142414760033,2.426790475567315,2.478544537964802
1746279654.1716456,2.415859143421597,2.4935929911768016,2.4258837050902993,2.478599883877399
1746279654.196103,2.416114714260249,2.4941174935727664,2.4249873208409567,2.4786874821639606
1746279654.2622867,2.4163762984204875,2.4945900423102274,2.4241051125128457,2.4788073620165516
1746279654.3123488,2.4169136291533677,2.4953852798605447,2.422378767340024,2.4791362392521603
1746279654.3626158,2.4172060592318654,2.4957152006545926,2.421520684907102,2.4793430863141657
1746279654.420809,2.417480754529049,2.495992200837242,2.4206980753817584,2.479580029601545
1746279654.448483,2.417749317548625,2.4962225469309227,2.4199012789011887,2.479844685154961
1746279654.5106413,2.4180091621209665,2.496406809563738,2.419131038818003,2.480135279852281
1746279654.539623,2.418258707085559,2.4965487944709035,2.4183896148761614,2.480449345319729
1746279654.5824602,2.4184968124477524,2.4966491182279253,2.417677973278139,2.480786516437652
1746279654.6140223,2.4187221425703638,2.496709279536544,2.41699623736399,2.4811445264758456
1746279654.685259,2.418934014396048,2.496731875255514,2.416346261739584,2.481522612137454
1746279654.7264154,2.4191311463844145,2.4967185382352843,2.4157280626340363,2.4819184181702014
1746279654.8056564,2.41931210034803,2.49667227038508,2.4151429339802797,2.4823291476640095
1746279654.8723984,2.4194766548848254,2.4965957222832715,2.41459181171805,2.482753490176401
1746279654.9259334,2.419623563595359,2.496488860804955,2.41407375323185,2.483189652780063
1746279654.9848242,2.419753514480343,2.496355006506898,2.413589841007035,2.4836366026213326
1746279655.073736,2.419865285932709,2.496197046437886,2.413140592151982,2.484091212602489
1746279655.1233318,2.4199583624902754,2.496015553571762,2.412725251712782,2.4845521751825217
1746279655.1843176,2.4200337592865258,2.4958135906873498,2.412344095680862,2.485018124753989
1746279655.233618,2.4200902620360205,2.4955937749883024,2.411997135184195,2.4854856775958676
1746279655.251854,2.420128422961536,2.495357310767703,2.4116835508988412,2.4859538972159894
1746279655.3757818,2.4201481500688606,2.4948483820244225,2.411158227654846,2.48688096309305
1746279655.3934069,2.4201398446455507,2.4945605354521168,2.410936651734374,2.487355308308505
1746279655.4822512,2.420109536478433,2.49427406958834,2.41075154070069,2.4878137662676854
1746279655.6240952,2.419923069948024,2.49337008527125,2.410372986491184,2.4891464182709484
1746279655.6932383,2.4198369831124253,2.493030078153814,2.410300643020973,2.4896026592381544
1746279655.742708,2.4197318692011693,2.4927123277801853,2.4102591748545747,2.490021085211693
1746279655.7968814,2.419615289378834,2.4923965684207685,2.4102437363413256,2.4904243819244916
1746279655.8804762,2.4194860764519266,2.492088490275276,2.410255273754598,2.490806977794513
1746279655.9292495,2.4193462322799646,2.491784104465642,2.4102896135924823,2.4911710649980088
1746279655.986771,2.4191965369758184,2.4914874255364503,2.410347760431273,2.4915148309287254
1746279656.046896,2.4190379599661838,2.4911995045634874,2.410428468867275,2.4918375048996797
1746279656.1085598,2.4188717568475684,2.4909184281562955,2.4105288707043684,2.492139607995979
1746279656.206587,2.4186988496108035,2.490646512100492,2.4106488602200633,2.4924199617449427
1746279656.3318088,2.418339793545645,2.490140645055399,2.410941242461346,2.492906763629641
1746279656.381096,2.4179508390313837,2.4896468272161254,2.4113102144894647,2.493331138206786
1746279656.4417014,2.4177483649756653,2.4894099187459173,2.411521437381606,2.493516761472994
1746279656.5026453,2.417551874635934,2.4891916021028515,2.411738589474583,2.4936719611672364
1746279656.6077547,2.417357238514317,2.488985968026601,2.4119645994521597,2.4938021491949556
1746279656.6568449,2.4171661669363114,2.488793977480329,2.4121990854415225,2.4939080574951435
1746279656.7092633,2.416979031375966,2.4886153701393994,2.412441512174029,2.493990084425596
1746279656.779451,2.4167971490090556,2.488450374195799,2.4126903487374975,2.4940481650454065
1746279656.8579817,2.4166198982926064,2.4882975826438973,2.412944008094614,2.494081861420966
1746279656.8893354,2.416449425241683,2.4881578548803156,2.413202210875008,2.494092366300874
1746279656.9501426,2.4162862594832406,2.4880308219377714,2.4134641856564496,2.4940803054034975
1746279657.0095532,2.416131147049022,2.4879161977709687,2.4137290199718664,2.4940461459105645
1746279657.0682652,2.415846432214472,2.4877142211115433,2.4142629641240516,2.4939181138967323
1746279657.144397,2.4157085889947267,2.487626726722655,2.4145405949899676,2.493825710046934
1746279657.2096438,2.4154771396760912,2.48748162335112,2.415083041470234,2.493583883906573
1746279657.2720683,2.4153691087385925,2.4874222932715213,2.415359893661267,2.493434522998089
1746279657.3592458,2.415280072193767,2.487369144222086,2.415627034767675,2.493270399907276
1746279657.3937151,2.415204144849337,2.487323392722427,2.415890474413713,2.4930907101906064
1746279657.4390109,2.4151428087540747,2.487283656118185,2.416148618831579,2.492896877761253
1746279657.5043826,2.4150950304044545,2.4872492943588496,2.416402350361835,2.4926897280821874
1746279657.5354693,2.4150620616250684,2.4872201772748475,2.4166502498599236,2.4924695443583142
1746279657.6530273,2.415038777327561,2.4871687348307545,2.417126216316756,2.4919955131340137
1746279657.7152731,2.415042073249776,2.4871512458026905,2.4173619517378153,2.491738023472071
1746279657.766896,2.415063388323134,2.487133240052318,2.4175882615763156,2.4914743498528824
1746279657.8718529,2.4150989217368712,2.48711637285087,2.417808382105236,2.491202623203459
1746279657.9240158,2.4152120679800873,2.4870827618876095,2.418230577783374,2.4906357370700483
1746279657.9843166,2.415285099548157,2.4870697090485505,2.418435271467812,2.4903360334514297
1746279658.1133037,2.415478352631038,2.4870291873785964,2.4188212192741085,2.4897335295781957
1746279658.181872,2.415592052276574,2.4870107122442833,2.419007527209047,2.4894201114364956
1746279658.2363956,2.415720572068449,2.4869838956659707,2.419186342128262,2.4891097441184495
1746279658.3021705,2.415861279946973,2.4869536338225315,2.4193596367977115,2.488797206851604
1746279658.3595343,2.4160140141168647,2.4869181057682166,2.4195275253196304,2.488484345387915
1746279658.436244,2.4161776449744496,2.4868759054457388,2.419689078036622,2.488170597562807
1746279658.4805152,2.4163521523185434,2.4868285761325533,2.4198461958801927,2.487856517582461
1746279658.5406568,2.416537959037502,2.486773650684059,2.4199981860860276,2.4875447748416235
1746279658.6253874,2.4167337511606575,2.4867127791707846,2.420146327589595,2.4872337811190444
1746279658.6905217,2.4171552002531516,2.4865717095592115,2.4204330404180516,2.4866144374476695
1746279658.7569373,2.4173807019830913,2.4864941043336843,2.42056978268696,2.4863030273455387
1746279658.8260624,2.417613659403314,2.4864064611308243,2.4207050093188385,2.4859978755608556
1746279658.8775427,2.4178539176356493,2.4863111522804875,2.420838196846169,2.485696044290658
1746279658.8987832,2.4181008437992824,2.486207678376179,2.4209694510692823,2.4853975478226085
1746279658.9616358,2.4183534167845924,2.4860953794937206,2.4210985947474257,2.4851021971041938
1746279659.069812,2.418611985626777,2.4859748491402653,2.4212267948590713,2.4848109303602284
1746279659.138204,2.419149236266816,2.4857051832591575,2.421480259797956,2.4842433885560284
1746279659.2151449,2.4194275877278693,2.485560427323623,2.4216036885899386,2.483962218071209
1746279659.2595553,2.4197083589429322,2.485405721380856,2.4217297235429425,2.4836881570878417
1746279659.3284514,2.4199923998358868,2.4852426273562838,2.421856579292626,2.4834192030451
1746279659.3707526,2.4202790474450095,2.4850717026700493,2.4219848561176454,2.4831548170605147
1746279659.4065082,2.4205673161589103,2.4848939749385,2.422115501311188,2.482894018698651
1746279659.4722645,2.420857689289717,2.484708092945919,2.422247885956916,2.482638244502835
1746279659.5111105,2.421149825169153,2.484514211406785,2.422382283028979,2.4823874091757188
1746279659.5607407,2.421443334603582,2.4843125225090374,2.4225189527199804,2.4821414587713675
1746279659.599552,2.4217377160382294,2.4841031188181857,2.4226582782913257,2.4819003514350713
1746279659.6834414,2.422032728504888,2.4838862316171184,2.422800459366579,2.481663898367447
1746279659.7410889,2.4223278117864373,2.48366189929817,2.422945419595138,2.481431701846847
1746279659.770582,2.4226221948550504,2.4834298520051497,2.423092789615723,2.481203125031165
1746279659.858373,2.4229163341730464,2.483191105880057,2.423243552359991,2.4809786759325125
1746279659.9012594,2.4232097151108287,2.482945939136648,2.423398003251397,2.4807583053953994
1746279659.9895294,2.4235008273236827,2.4826978459312214,2.423557607458775,2.4805385969397746
1746279660.08737,2.4240815824045465,2.482185704335535,2.4238899465437043,2.480106498478574
1746279660.1302643,2.4243722240301895,2.481920051876363,2.4240591840648196,2.4798952861042376
1746279660.22057,2.4246599997060154,2.4816505430760665,2.4242342127560854,2.4796870175163552
1746279660.2560997,2.424945507067162,2.481376675225797,2.4244135677564076,2.4794816044633965
1746279660.3049426,2.425228603505723,2.4810987102359077,2.4245973059605523,2.4792788723261188
1746279660.3740022,2.4255094128249257,2.4808170957580775,2.4247853303886853,2.47907833972113
1746279660.4199367,2.425787832973485,2.4805321142264476,2.4249776536128564,2.478879822488898
1746279660.4408596,2.426062739830799,2.4802461444057586,2.425175266829089,2.4786810374355204
1746279660.493651,2.4263340587516935,2.479959563816047,2.425378163507278,2.4784816898131377
1746279660.546506,2.4266027244538857,2.479670527501514,2.425585341043052,2.478283640256702
1746279660.6025224,2.4268686192773465,2.4793793800099966,2.4257967365969475,2.4780866877678696
1746279660.7166293,2.427393294064686,2.478792268020296,2.4262324815592957,2.4776942938604996
1746279660.7502115,2.427652457834188,2.4784940015970047,2.4264550491386636,2.4774997349101016
1746279660.8007865,2.4279086517025283,2.478196222294433,2.4266823155591966,2.477304786854147
1746279660.861539,2.4281623648534785,2.4778980706721683,2.426913007121901,2.4771097148299313
1746279660.9693642,2.428413235828614,2.4775996190355287,2.4271473862126576,2.476914469951449
1746279661.0486069,2.428907175587772,2.4770040265075663,2.427629623118326,2.4765192712633626
1746279661.1251006,2.429149643375024,2.4767071057232672,2.427875829833265,2.4763186457135413
1746279661.213405,2.4296286542438867,2.4761169291864134,2.4283796830150663,2.475913236498816
1746279661.2666721,2.4298642226399463,2.47582129740667,2.428635495035486,2.4757096464918993
1746279661.320243,2.430098300621649,2.475528950377588,2.428893285630175,2.4755039326315043
1746279661.384015,2.4303298738894377,2.4752385355771813,2.429153276652848,2.4752968903518644
1746279661.4632392,2.430559149148433,2.4749500715087573,2.429415385456771,2.4750883613063297
1746279661.5031967,2.4307867374792127,2.4746639530619126,2.4296789515511286,2.47487801521963
1746279661.556266,2.4310128003989293,2.4743802066709253,2.429943821386972,2.4746657640229905
1746279661.650094,2.431236933052485,2.4740986445693878,2.4302103284461722,2.474451828720491
1746279661.7273889,2.4314592613258292,2.4738193780906923,2.430478302279694,2.4742361582242425
1746279661.8034897,2.43190241873353,2.4732673190135426,2.431017961456374,2.4737980093884504
1746279661.8660836,2.4321208336526428,2.4729932830216157,2.4312899558075576,2.47357641751753
1746279661.9170372,2.4323388373722676,2.4727230096974786,2.4315622457474872,2.473352635898513
1746279661.97102,2.4325563009492237,2.472456033311007,2.431834139036243,2.4731267437792672
1746279662.0059767,2.432772665836715,2.4721918687337987,2.432106289499462,2.472899108150898
1746279662.1110513,2.4329879871495796,2.4719306229283,2.4323785683908,2.4726696570816027
1746279662.1313562,2.4332023935338825,2.4716722810457363,2.4326507973570966,2.4724384630356715
1746279662.1919186,2.4334170703945968,2.471417332442659,2.4329218684388656,2.4722049431891033
1746279662.301146,2.433631025111673,2.47116522795402,2.4331926543144995,2.4719697670539165
1746279662.344238,2.43384435286848,2.4709159074941156,2.4334629944161392,2.4717329990275543
1746279662.3827336,2.434057176781417,2.470669351913028,2.433732745226618,2.4714947170971677
1746279662.456919,2.4342695787723008,2.4704255139338067,2.4340017658652116,2.471255004627898
1746279662.508857,2.4344827059461447,2.4701843025294936,2.434268827433301,2.471014026857761
1746279662.5487483,2.4346967482996407,2.4699442575962,2.4345339479430166,2.4707731119352063
1746279662.6002672,2.434910626755114,2.4697068116385683,2.4347978630881095,2.470531133417861
1746279662.657365,2.4351244148247466,2.4694718656042967,2.435060570996188,2.470288072584029
1746279662.6990638,2.435338143108243,2.4692394329429557,2.4353219654286793,2.470043999188958
1746279662.7521331,2.435551834409862,2.4690094557538744,2.4355819236312652,2.4697990560691374
1746279662.819599,2.4357656074084644,2.46878180995896,2.4358403429410953,2.469553305065654
1746279662.8735962,2.4359794821757945,2.4685564875716253,2.436097055976826,2.469306878672667
1746279662.9354868,2.4361935090228966,2.468333424048771,2.4363520203948266,2.4690598872435774
1746279663.0077655,2.436407730665308,2.468112528001202,2.436605151748826,2.4688124407906535
1746279663.0633423,2.4366222295516287,2.4678937403155863,2.4368563487205996,2.468564647885704
1746279663.0830123,2.436837014659901,2.467676936153402,2.4371055391526415,2.4683166735204396
1746279663.14757,2.4370526235256817,2.4674610464393227,2.4373521126327704,2.4680696749629494
1746279663.1942642,2.437269036142211,2.467245953464421,2.4375961007791704,2.4678237120322914
1746279663.2394068,2.437485661569536,2.467032692980258,2.437837906819284,2.467577929416523
1746279663.281609,2.4377025721946843,2.466821132436408,2.438077559430387,2.467332411996067
1746279663.3243482,2.4379197414197,2.466611224533319,2.4383150162132132,2.467087306553432
1746279663.4134593,2.43813717603772,2.466402856254743,2.4385502588549066,2.4668426990691845
1746279663.4706016,2.438354791609583,2.4661960333708652,2.43878323156666,2.4665987394686675
1746279663.5273478,2.4387917893708515,2.465786025777354,2.439244123482891,2.466111484987566
1746279663.5928586,2.4390103089774966,2.4655828390222596,2.439471367537618,2.465868188243744
1746279663.6478624,2.439229028365663,2.4653809148863357,2.439696246923693,2.465626604138781
1746279663.712421,2.439447638542374,2.4651801763802315,2.439918681834043,2.4653864316194394
1746279663.7864323,2.4396661898618577,2.464980478647986,2.4401387392833502,2.465147658934531
1746279663.840114,2.4398845960070816,2.464781796779571,2.440356376904828,2.4649104547418714
1746279663.873668,2.440102906918468,2.464582875230416,2.440571531619943,2.4646761027280277
1746279663.9306061,2.4403213551047673,2.4643837329288902,2.4407840696445957,2.464444499850361
1746279664.0153894,2.4405395238913314,2.464185435912722,2.440994349390204,2.464214661045391
1746279664.0979767,2.4407573546718258,2.463987975204274,2.441202394963771,2.4639866218494277
1746279664.1108742,2.4409749407268726,2.4637909651178096,2.441408812975414,2.463760004286521
1746279664.2147028,2.441191994613599,2.463594519488915,2.4416135103444927,2.4635351360919566
1746279664.2837431,2.441625643416504,2.463203291286449,2.4420177086277497,2.4630900908811135
1746279664.3368788,2.4418415592538465,2.4630085729623823,2.4422166643602727,2.4628698692625286
1746279664.400612,2.4420562102425465,2.4628144393796023,2.442414122992851,2.462652382236263
1746279664.4374936,2.4422696576570613,2.462621014365949,2.4426096538527267,2.4624373421259866
1746279664.5023859,2.442482094636987,2.462428217959569,2.4428033528646727,2.462224554039499
1746279664.5670648,2.4426934399804194,2.462236108956361,2.4429951934486835,2.462014073984085
1746279664.6945586,2.4431127481017074,2.461853614760118,2.4433741597751197,2.4616000399310614
1746279664.7409348,2.443320659071033,2.4616628752164433,2.443561214004581,2.4613959766869105
1746279664.856938,2.4435272108724324,2.461472938035434,2.443746739933324,2.4611944765616482
1746279664.9304097,2.4439367986548333,2.461095844421828,2.444114675433237,2.460795800299236
1746279664.987983,2.444139048636053,2.4609093279982823,2.4442967656433643,2.4605982223450904
1746279665.0416496,2.4443392958486565,2.460723481128549,2.444477798843243,2.460403494694142
1746279665.1080267,2.4445377780628377,2.4605383351137005,2.4446573075994684,2.460211366689011
1746279665.1792006,2.4447346445885407,2.460353922514952,2.444835272573768,2.460021667306985
1746279665.2485816,2.4449297907807828,2.4601703167578424,2.4450117551567985,2.4598344041545985
1746279665.2914236,2.4451232017526,2.459987469833035,2.445186785464378,2.4596495710930415
1746279665.3494375,2.445314850781579,2.459805380608443,2.44536035194749,2.459467214674039
1746279665.4293315,2.4455047615807843,2.459624047858607,2.4455325943341286,2.459287210267134
1746279665.4872296,2.4456929301317167,2.459443446613843,2.445703504147051,2.459109548622693
1746279665.5552747,2.445879262710464,2.4592636635425045,2.445873109572218,2.4589342235492326
1746279665.6278179,2.4460637426171634,2.4590847006750916,2.446041489394781,2.4587612164309927
1746279665.6792696,2.4462463700253547,2.458906654495121,2.4462085650158727,2.458590470403129
1746279665.7607708,2.446426875669133,2.45872933348711,2.446374657541512,2.4584220401270787
1746279665.8221054,2.4466052236894145,2.458552847856299,2.4465397798521726,2.458255937614777
1746279665.870024,2.446781692162889,2.4583773284345045,2.4467037635486806,2.458091914089797
1746279665.936479,2.446956142713645,2.4582029299728405,2.446866535323433,2.4579299801685406
1746279666.0158799,2.4471286881989185,2.45802956277337,2.4470281354954935,2.4577700717877256
1746279666.072721,2.447299302910425,2.457857304936385,2.447188529343386,2.457612170756679
1746279666.1289978,2.4474679591754898,2.457686227359584,2.4473477590948542,2.4574562372123583
1746279666.1836112,2.447634667294025,2.4575163863084994,2.44750578981661,2.4573021853494232
1746279666.362442,2.448124483371938,2.4570131339364,2.447973825870964,2.456850449850423
1746279666.3887212,2.44828442783371,2.4568470447169557,2.4481278222154863,2.4567029502431854
1746279666.4798794,2.4484421837420967,2.4566828197015984,2.4482807133067412,2.456557288387227
1746279666.532256,2.44859780173253,2.4565203549151677,2.4484324016133536,2.4564132524808935
1746279666.5898137,2.4487512424406663,2.456359717807181,2.4485828103679963,2.4562708446866255
1746279666.6407993,2.4489025150873673,2.4562009432673304,2.448731943535638,2.4561299780816626
1746279666.6996655,2.4490517432720833,2.4560439447699896,2.448879900270075,2.4559905387077468
1746279666.7818654,2.449198892138138,2.455888794177724,2.449026592465979,2.4558526155553544
1746279666.8236423,2.4493448059213088,2.455735883925845,2.449171242921062,2.455715756350846
1746279666.9756715,2.4496314154977905,2.455435697384023,2.4494566047805035,2.455445756161659
1746279667.0150208,2.449771826862164,2.4552880789913516,2.4495976165456157,2.455312625156467
1746279667.096592,2.449910194018556,2.4551425005499836,2.449737378448047,2.455180835363053
1746279667.1368089,2.4500465008690444,2.4549989427182757,2.4498758702177486,2.4550503575512574
1746279667.191783,2.4501808361267945,2.4548572946332197,2.4500131659952946,2.4549211391480306
1746279667.2557275,2.4503131435267416,2.4547176654775296,2.4501491945738025,2.454793221043769
1746279667.2913682,2.4504435312687933,2.4545799896040186,2.450284001734711,2.454666460705326
1746279667.3533466,2.4505719590711106,2.454444342283497,2.45041748076761,2.454540921762978
1746279667.385277,2.4506985006927224,2.454310717710551,2.4505496289130795,2.4544165692920514
1746279667.4527655,2.4508232230014984,2.454179102374964,2.4506804756788343,2.4542933429520972
1746279667.5015755,2.450946124629081,2.454049554158429,2.4508099408932487,2.454171266004645
1746279667.5741553,2.4511873009435337,2.453795667862653,2.451065595971823,2.4539298931119444
1746279667.604281,2.4513052516890403,2.4536715340149873,2.4511915208743322,2.4538107922316055
1746279667.6493206,2.451421428323357,2.4535494878293465,2.4513159571146246,2.453692881668655
1746279667.6946397,2.4515358105584273,2.4534294566979358,2.451438910904845,2.4535761992936145
1746279667.7279997,2.451648420998931,2.453311486403213,2.451560355536302,2.453460749054259
1746279667.801486,2.451759374166515,2.4531954828834035,2.4516803568521697,2.4533464135140672
1746279667.8995295,2.452083661299537,2.4528578826239964,2.452033066900515,2.453008919540185
1746279668.0049188,2.452188897278363,2.452748790757343,2.452148006676587,2.4528983631498713
1746279668.023936,2.4522925270494773,2.4526417595497687,2.4522611563114345,2.452789190270005
1746279668.0954003,2.4523945735542636,2.4525367045334336,2.4523725425742553,2.4526813820790747
1746279668.1412914,2.4524951305362905,2.4524335973516753,2.45248215283354,2.4525748547487156
1746279668.1684372,2.4525942608294335,2.4523324375985807,2.4525899910673497,2.4524695951822557
1746279668.2449162,2.45269201150043,2.452233140614224,2.4526960494968995,2.4523656560663536
1746279668.2956567,2.452788314655262,2.4521357090027127,2.4528003566373924,2.4522630431690806
1746279668.3417175,2.4528832979807187,2.4520400449393818,2.452902984992901,2.452161646105792
1746279668.4022765,2.452976929069736,2.451946139761012,2.453003833535476,2.452061583628115
1746279668.429063,2.4530691778158866,2.451853923130557,2.453102983460697,2.451962859354133
1746279668.4903886,2.4531600769937643,2.4517633272758577,2.4532004889684025,2.4518654921134297
1746279668.5146143,2.4532496667099464,2.4516743034136925,2.4532963504540404,2.451769474546096
1746279668.5798287,2.4533380082144762,2.4515868822852522,2.4533904722088757,2.4516748254350595
1746279668.63816,2.4534251067929334,2.4515009957980705,2.453482885743243,2.451581568107961
1746279668.7064445,2.4535109074102732,2.451416681541004,2.4535736369750842,2.451489666132225
1746279668.7977328,2.4535954796794863,2.451333876066136,2.453662709021671,2.4513991299604
1746279668.8396406,2.4536788609895206,2.4512525777433014,2.4537501159573054,2.4513099401861367
1746279668.8977985,2.453761005308801,2.4511727117559956,2.453835851820688,2.4512222156771437
1746279668.9711006,2.4538419497518618,2.451094214408845,2.4539199964030467,2.451135918321022
1746279669.1254938,2.453921711991438,2.451017104363431,2.4540025352634345,2.4510510489832202
